,itemid,label,fluid,category,hadm_freq,freq_rank,c0_f0,c0_f1,c0_f2,c0_f3,c0_f4,c1_f0,c1_f1,c1_f2,c1_f3,c1_f4,c0_fold_sum,c1_fold_sum,rank_LR_c0_f0,rank_LR_c0_f1,rank_LR_c0_f2,rank_LR_c0_f3,rank_LR_c0_f4,rank_RF_c0_f0,rank_RF_c0_f1,rank_RF_c0_f2,rank_RF_c0_f3,rank_RF_c0_f4,rank_XGB_c0_f0,rank_XGB_c0_f1,rank_XGB_c0_f2,rank_XGB_c0_f3,rank_XGB_c0_f4,rank_GB_c0_f0,rank_GB_c0_f1,rank_GB_c0_f2,rank_GB_c0_f3,rank_GB_c0_f4,rank_LR_c1_f0,rank_LR_c1_f1,rank_LR_c1_f2,rank_LR_c1_f3,rank_LR_c1_f4,rank_RF_c1_f0,rank_RF_c1_f1,rank_RF_c1_f2,rank_RF_c1_f3,rank_RF_c1_f4,rank_XGB_c1_f0,rank_XGB_c1_f1,rank_XGB_c1_f2,rank_XGB_c1_f3,rank_XGB_c1_f4,rank_GB_c1_f0,rank_GB_c1_f1,rank_GB_c1_f2,rank_GB_c1_f3,rank_GB_c1_f4,c0_avg_rank,c1_avg_rank
0,51221,Hematocrit,Blood,Hematology,0.9893005745987715,1,1.0,1.0,1.0,1.0,1.0,1.0,1.0,1.0,1.0,1.0,5.0,5.0,24.0,52.0,44.0,39.0,39.0,11.0,14.0,16.0,17.0,24.0,6.0,28.0,6.0,8.0,65.0,93.0,22.0,5.0,94.0,78.0,42.0,38.0,36.0,51.0,30.0,16.0,14.0,15.0,13.0,15.0,13.0,10.0,14.0,13.0,23.0,81.0,99.0,67.0,47.0,82.0,34.2,36.0
1,50912,Creatinine,Blood,Chemistry,0.9874512911960901,2,1.0,1.0,1.0,1.0,1.0,1.0,1.0,1.0,1.0,1.0,5.0,5.0,2.0,1.0,1.0,3.0,8.0,37.0,26.0,42.0,45.0,28.0,33.0,22.0,80.0,36.0,24.0,67.0,23.0,87.0,33.0,15.0,1.0,1.0,1.0,10.0,2.0,35.0,33.0,42.0,28.0,35.0,10.0,5.0,22.0,7.0,29.0,20.0,100.0,64.0,84.0,90.0,30.6,31.0
2,50971,Potassium,Blood,Chemistry,0.9874512911960901,3,1.0,1.0,1.0,1.0,1.0,1.0,1.0,1.0,1.0,1.0,5.0,5.0,15.0,9.0,6.0,15.0,2.0,35.0,38.0,36.0,22.0,43.0,12.0,17.0,19.0,40.0,34.0,4.0,79.0,82.0,1.0,77.0,10.0,11.0,20.0,9.0,3.0,42.0,38.0,38.0,39.0,36.0,34.0,18.0,33.0,31.0,28.0,15.0,1.0,90.0,81.0,96.0,29.3,33.6
3,51265,Platelet Count,Blood,Hematology,0.98731919952447,4,1.0,1.0,1.0,1.0,1.0,1.0,1.0,1.0,1.0,1.0,5.0,5.0,7.0,3.0,10.0,5.0,7.0,32.0,23.0,22.0,21.0,37.0,99.0,15.0,24.0,29.0,58.0,84.0,13.0,88.0,6.0,20.0,18.0,17.0,23.0,2.0,7.0,19.0,26.0,25.0,25.0,26.0,23.0,32.0,37.0,33.0,39.0,96.0,4.0,86.0,12.0,99.0,30.2,32.4
4,51222,Hemoglobin,Blood,Hematology,0.9864606036589393,5,1.0,1.0,1.0,1.0,1.0,1.0,1.0,1.0,1.0,1.0,5.0,5.0,27.0,47.0,46.0,38.0,43.0,44.0,34.0,37.0,29.0,35.0,10.0,32.0,43.0,49.0,35.0,6.0,26.0,10.0,92.0,73.0,57.0,50.0,45.0,62.0,53.0,23.0,22.0,23.0,20.0,25.0,45.0,41.0,34.0,36.0,37.0,29.0,39.0,57.0,25.0,80.0,37.8,40.2
5,51301,White Blood Cells,Blood,Hematology,0.9859322369724589,6,1.0,1.0,1.0,1.0,1.0,1.0,1.0,1.0,1.0,1.0,5.0,5.0,38.0,26.0,45.0,44.0,41.0,15.0,11.0,15.0,9.0,11.0,16.0,8.0,17.0,17.0,8.0,85.0,4.0,70.0,10.0,10.0,17.0,27.0,15.0,19.0,13.0,14.0,20.0,14.0,15.0,16.0,7.0,26.0,17.0,6.0,8.0,100.0,8.0,87.0,6.0,84.0,25.0,26.0
6,51006,Urea Nitrogen,Blood,Chemistry,0.9859322369724589,7,1.0,1.0,1.0,1.0,1.0,1.0,1.0,1.0,1.0,1.0,5.0,5.0,23.0,13.0,21.0,4.0,5.0,36.0,36.0,38.0,35.0,34.0,32.0,12.0,29.0,91.0,9.0,91.0,10.0,79.0,93.0,72.0,6.0,4.0,2.0,3.0,4.0,17.0,30.0,20.0,16.0,18.0,30.0,28.0,19.0,17.0,15.0,35.0,13.0,84.0,4.0,65.0,38.2,21.5
7,50983,Sodium,Blood,Chemistry,0.9855359619575986,8,1.0,1.0,1.0,1.0,1.0,1.0,1.0,1.0,1.0,1.0,5.0,5.0,11.0,14.0,23.0,6.0,31.0,48.0,44.0,45.0,41.0,46.0,40.0,33.0,39.0,37.0,68.0,59.0,98.0,76.0,95.0,67.0,31.0,7.0,16.0,11.0,15.0,41.0,43.0,35.0,41.0,42.0,43.0,34.0,27.0,22.0,36.0,92.0,24.0,98.0,14.0,86.0,46.0,37.9
8,51249,MCHC,Blood,Hematology,0.9850736411069282,9,1.0,1.0,1.0,1.0,1.0,1.0,1.0,1.0,1.0,1.0,5.0,5.0,48.0,30.0,32.0,32.0,11.0,26.0,21.0,18.0,10.0,33.0,17.0,20.0,22.0,6.0,19.0,1.0,5.0,65.0,16.0,91.0,29.0,23.0,12.0,28.0,47.0,25.0,25.0,24.0,33.0,21.0,27.0,6.0,12.0,28.0,9.0,34.0,94.0,99.0,87.0,63.0,26.2,36.3
9,51279,Red Blood Cells,Blood,Hematology,0.9850736411069282,10,1.0,1.0,1.0,1.0,1.0,1.0,1.0,1.0,1.0,1.0,5.0,5.0,19.0,27.0,29.0,25.0,32.0,17.0,15.0,19.0,14.0,19.0,20.0,37.0,14.0,47.0,20.0,5.0,19.0,92.0,28.0,88.0,47.0,49.0,34.0,57.0,55.0,7.0,7.0,10.0,9.0,11.0,8.0,11.0,4.0,5.0,19.0,14.0,96.0,81.0,8.0,77.0,29.3,30.4
10,51250,MCV,Blood,Hematology,0.9850736411069282,11,1.0,1.0,1.0,1.0,1.0,1.0,1.0,1.0,1.0,1.0,5.0,5.0,28.0,36.0,42.0,54.0,22.0,23.0,42.0,33.0,38.0,39.0,44.0,47.0,18.0,34.0,29.0,70.0,61.0,85.0,53.0,81.0,41.0,25.0,39.0,41.0,73.0,43.0,35.0,41.0,42.0,37.0,41.0,50.0,31.0,25.0,40.0,17.0,35.0,65.0,39.0,4.0,44.0,38.2
11,51248,MCH,Blood,Hematology,0.9850736411069282,12,1.0,1.0,1.0,1.0,1.0,1.0,1.0,1.0,1.0,1.0,5.0,5.0,31.0,32.0,49.0,47.0,28.0,21.0,33.0,28.0,18.0,26.0,23.0,46.0,37.0,12.0,32.0,78.0,62.0,81.0,13.0,11.0,55.0,53.0,50.0,54.0,71.0,34.0,21.0,32.0,36.0,28.0,35.0,40.0,45.0,29.0,18.0,49.0,18.0,74.0,30.0,70.0,35.4,42.1
12,50902,Chloride,Blood,Chemistry,0.984743411927878,13,1.0,1.0,1.0,1.0,1.0,1.0,1.0,1.0,1.0,1.0,5.0,5.0,17.0,34.0,11.0,20.0,19.0,31.0,29.0,17.0,27.0,30.0,38.0,9.0,7.0,21.0,27.0,68.0,8.0,1.0,14.0,93.0,40.0,24.0,24.0,18.0,25.0,26.0,37.0,31.0,31.0,33.0,14.0,42.0,29.0,26.0,17.0,68.0,30.0,76.0,91.0,92.0,26.0,38.7
13,51277,RDW,Blood,Hematology,0.9840169077339673,14,1.0,1.0,1.0,1.0,1.0,1.0,1.0,1.0,1.0,1.0,5.0,5.0,33.0,31.0,48.0,22.0,48.0,33.0,39.0,31.0,24.0,40.0,68.0,31.0,45.0,71.0,31.0,3.0,18.0,78.0,86.0,74.0,37.0,43.0,29.0,29.0,45.0,29.0,28.0,22.0,29.0,24.0,24.0,14.0,20.0,41.0,34.0,87.0,79.0,91.0,99.0,78.0,42.7,44.1
14,50868,Anion Gap,Blood,Chemistry,0.9832904035400568,15,1.0,1.0,1.0,1.0,1.0,1.0,1.0,1.0,1.0,1.0,5.0,5.0,6.0,11.0,8.0,11.0,9.0,39.0,47.0,40.0,46.0,47.0,36.0,44.0,38.0,51.0,80.0,80.0,12.0,77.0,31.0,86.0,46.0,16.0,17.0,23.0,29.0,48.0,46.0,43.0,44.0,44.0,51.0,19.0,47.0,47.0,35.0,23.0,10.0,61.0,100.0,74.0,40.0,41.2
15,50882,Bicarbonate,Blood,Chemistry,0.9832904035400568,16,1.0,1.0,1.0,1.0,1.0,1.0,1.0,1.0,1.0,1.0,5.0,5.0,16.0,10.0,19.0,10.0,23.0,22.0,27.0,11.0,15.0,27.0,13.0,10.0,11.0,7.0,6.0,92.0,20.0,91.0,20.0,75.0,33.0,13.0,11.0,15.0,37.0,32.0,34.0,28.0,30.0,29.0,26.0,23.0,9.0,14.0,33.0,6.0,81.0,79.0,19.0,75.0,26.2,31.4
16,50931,Glucose,Blood,Chemistry,0.981110890958325,17,1.0,1.0,1.0,1.0,1.0,1.0,1.0,1.0,1.0,1.0,5.0,5.0,3.0,6.0,7.0,8.0,6.0,7.0,13.0,7.0,8.0,9.0,9.0,7.0,10.0,10.0,13.0,87.0,99.0,86.0,12.0,5.0,8.0,22.0,18.0,6.0,5.0,18.0,19.0,13.0,14.0,13.0,33.0,37.0,21.0,19.0,25.0,10.0,21.0,97.0,2.0,97.0,20.6,24.9
17,50960,Magnesium,Blood,Chemistry,0.9649957070206724,18,1.0,1.0,1.0,1.0,1.0,1.0,1.0,1.0,1.0,1.0,5.0,5.0,8.0,41.0,15.0,14.0,38.0,51.0,50.0,47.0,43.0,50.0,27.0,48.0,87.0,46.0,40.0,76.0,78.0,7.0,91.0,80.0,23.0,51.0,33.0,17.0,49.0,46.0,44.0,46.0,45.0,45.0,44.0,27.0,40.0,43.0,21.0,9.0,34.0,75.0,10.0,61.0,46.8,38.2
18,50893,"Calcium, Total",Blood,Chemistry,0.9612310943794994,19,1.0,1.0,1.0,1.0,1.0,1.0,1.0,1.0,1.0,1.0,5.0,5.0,46.0,20.0,27.0,12.0,29.0,24.0,20.0,30.0,20.0,29.0,73.0,16.0,28.0,19.0,76.0,74.0,69.0,75.0,37.0,92.0,7.0,30.0,13.0,21.0,40.0,27.0,27.0,27.0,34.0,27.0,12.0,17.0,10.0,15.0,11.0,7.0,38.0,66.0,7.0,79.0,40.8,25.8
19,50970,Phosphate,Blood,Chemistry,0.9589855359619576,20,1.0,1.0,1.0,1.0,1.0,1.0,1.0,1.0,1.0,1.0,5.0,5.0,1.0,5.0,5.0,2.0,4.0,42.0,32.0,34.0,26.0,36.0,15.0,11.0,31.0,26.0,10.0,89.0,2.0,93.0,8.0,95.0,3.0,12.0,3.0,1.0,6.0,37.0,31.0,37.0,38.0,32.0,37.0,25.0,30.0,18.0,26.0,18.0,93.0,88.0,5.0,88.0,28.4,31.4
20,52172,RDW-SD,Blood,Hematology,0.8638795323954824,21,1.0,1.0,1.0,1.0,1.0,1.0,1.0,1.0,1.0,1.0,5.0,5.0,43.0,40.0,26.0,45.0,51.0,19.0,18.0,10.0,16.0,23.0,11.0,35.0,21.0,42.0,33.0,69.0,40.0,98.0,98.0,4.0,30.0,70.0,35.0,36.0,60.0,22.0,23.0,26.0,21.0,19.0,42.0,31.0,35.0,32.0,41.0,22.0,48.0,62.0,17.0,98.0,37.1,38.5
21,50878,Asparate Aminotransferase (AST),Blood,Chemistry,0.8301961561323559,22,1.0,1.0,1.0,1.0,1.0,1.0,1.0,1.0,1.0,1.0,5.0,5.0,54.0,56.0,33.0,48.0,27.0,28.0,35.0,24.0,40.0,41.0,35.0,45.0,20.0,22.0,41.0,7.0,15.0,95.0,99.0,68.0,24.0,33.0,28.0,30.0,27.0,40.0,39.0,36.0,40.0,31.0,15.0,21.0,26.0,34.0,31.0,91.0,19.0,56.0,13.0,83.0,41.6,35.8
22,50861,Alanine Aminotransferase (ALT),Blood,Chemistry,0.8269599101776633,23,1.0,1.0,1.0,1.0,1.0,1.0,1.0,1.0,1.0,1.0,5.0,5.0,29.0,42.0,28.0,53.0,34.0,34.0,30.0,14.0,28.0,22.0,37.0,26.0,25.0,78.0,81.0,88.0,11.0,96.0,4.0,70.0,32.0,29.0,56.0,42.0,24.0,38.0,32.0,30.0,35.0,30.0,32.0,29.0,39.0,35.0,32.0,88.0,6.0,77.0,22.0,73.0,41.5,39.0
23,50863,Alkaline Phosphatase,Blood,Chemistry,0.8243180767452613,24,1.0,1.0,1.0,1.0,1.0,1.0,1.0,1.0,1.0,1.0,5.0,5.0,53.0,43.0,34.0,19.0,46.0,38.0,37.0,32.0,23.0,31.0,45.0,30.0,34.0,50.0,12.0,77.0,21.0,73.0,19.0,66.0,13.0,18.0,44.0,26.0,32.0,20.0,16.0,19.0,18.0,22.0,31.0,24.0,43.0,37.0,42.0,12.0,90.0,68.0,94.0,91.0,39.2,38.0
24,50885,"Bilirubin, Total",Blood,Chemistry,0.8146093388811836,25,1.0,1.0,1.0,1.0,1.0,1.0,1.0,1.0,1.0,1.0,5.0,5.0,35.0,37.0,16.0,27.0,16.0,40.0,43.0,49.0,44.0,63.0,39.0,14.0,40.0,24.0,26.0,11.0,7.0,90.0,100.0,65.0,21.0,10.0,31.0,33.0,23.0,50.0,47.0,49.0,49.0,50.0,21.0,30.0,41.0,30.0,45.0,33.0,3.0,70.0,96.0,68.0,39.3,40.0
25,51256,Neutrophils,Blood,Hematology,0.7702265372168284,26,1.0,1.0,1.0,1.0,1.0,1.0,1.0,1.0,1.0,1.0,5.0,5.0,9.0,21.0,9.0,24.0,21.0,3.0,2.0,2.0,4.0,2.0,4.0,1.0,1.0,4.0,2.0,94.0,9.0,74.0,97.0,100.0,14.0,9.0,6.0,13.0,11.0,3.0,3.0,2.0,2.0,3.0,2.0,2.0,2.0,2.0,3.0,4.0,16.0,89.0,28.0,81.0,24.2,14.8
26,51146,Basophils,Blood,Hematology,0.7702265372168284,27,1.0,1.0,1.0,1.0,1.0,1.0,1.0,1.0,1.0,1.0,5.0,5.0,14.0,2.0,4.0,7.0,12.0,29.0,25.0,23.0,33.0,15.0,93.0,21.0,96.0,30.0,25.0,83.0,88.0,69.0,9.0,84.0,26.0,19.0,19.0,27.0,18.0,31.0,17.0,17.0,19.0,17.0,22.0,13.0,16.0,40.0,10.0,16.0,15.0,80.0,38.0,72.0,38.1,26.6
27,51200,Eosinophils,Blood,Hematology,0.7702265372168284,28,1.0,1.0,1.0,1.0,1.0,1.0,1.0,1.0,1.0,1.0,5.0,5.0,37.0,44.0,25.0,30.0,24.0,30.0,24.0,35.0,36.0,18.0,29.0,25.0,23.0,28.0,17.0,10.0,86.0,2.0,23.0,90.0,19.0,6.0,5.0,12.0,16.0,9.0,9.0,9.0,11.0,9.0,40.0,39.0,24.0,21.0,24.0,31.0,97.0,82.0,18.0,66.0,31.8,27.4
28,51254,Monocytes,Blood,Hematology,0.7702265372168284,29,1.0,1.0,1.0,1.0,1.0,1.0,1.0,1.0,1.0,1.0,5.0,5.0,5.0,4.0,2.0,1.0,1.0,6.0,5.0,4.0,6.0,4.0,2.0,4.0,2.0,2.0,4.0,97.0,24.0,84.0,7.0,98.0,4.0,2.0,8.0,7.0,1.0,6.0,6.0,6.0,6.0,8.0,11.0,8.0,23.0,9.0,38.0,21.0,98.0,83.0,1.0,100.0,18.1,22.3
29,51244,Lymphocytes,Blood,Hematology,0.7702265372168284,30,1.0,1.0,1.0,1.0,1.0,1.0,1.0,1.0,1.0,1.0,5.0,5.0,12.0,19.0,18.0,18.0,18.0,8.0,7.0,8.0,7.0,7.0,8.0,19.0,8.0,11.0,15.0,2.0,82.0,71.0,38.0,83.0,12.0,20.0,14.0,8.0,14.0,13.0,13.0,8.0,10.0,14.0,17.0,16.0,15.0,16.0,20.0,3.0,9.0,95.0,15.0,89.0,23.0,21.0
30,51237,INR(PT),Blood,Hematology,0.7245888646720824,31,1.0,1.0,1.0,1.0,1.0,1.0,1.0,1.0,1.0,1.0,5.0,5.0,69.0,67.0,68.0,60.0,75.0,54.0,61.0,53.0,53.0,65.0,97.0,97.0,86.0,97.0,87.0,14.0,83.0,56.0,57.0,18.0,48.0,64.0,64.0,76.0,41.0,54.0,52.0,51.0,54.0,51.0,57.0,47.0,58.0,58.0,61.0,36.0,26.0,3.0,42.0,52.0,65.8,49.8
31,51274,PT,Blood,Hematology,0.7245888646720824,32,1.0,1.0,1.0,1.0,1.0,1.0,1.0,1.0,1.0,1.0,5.0,5.0,64.0,71.0,70.0,61.0,69.0,46.0,53.0,43.0,39.0,44.0,28.0,41.0,33.0,23.0,37.0,15.0,17.0,67.0,25.0,82.0,66.0,61.0,63.0,66.0,39.0,44.0,40.0,40.0,46.0,40.0,29.0,38.0,11.0,42.0,22.0,27.0,36.0,92.0,23.0,53.0,46.4,43.9
32,51275,PTT,Blood,Hematology,0.7031239680338155,33,1.0,1.0,1.0,1.0,1.0,1.0,1.0,1.0,1.0,1.0,5.0,5.0,50.0,59.0,43.0,36.0,54.0,47.0,41.0,39.0,13.0,32.0,85.0,38.0,46.0,32.0,39.0,32.0,39.0,68.0,27.0,23.0,15.0,5.0,25.0,24.0,19.0,45.0,41.0,45.0,48.0,41.0,25.0,22.0,46.0,49.0,43.0,82.0,83.0,69.0,21.0,45.0,42.2,39.6
33,52075,Absolute Neutrophil Count,Blood,Hematology,0.7024635096757149,34,1.0,1.0,1.0,1.0,1.0,1.0,1.0,1.0,1.0,1.0,5.0,5.0,21.0,7.0,47.0,37.0,36.0,20.0,19.0,27.0,12.0,20.0,18.0,13.0,30.0,18.0,18.0,81.0,14.0,80.0,22.0,2.0,25.0,21.0,9.0,14.0,22.0,21.0,24.0,18.0,24.0,20.0,20.0,33.0,38.0,27.0,7.0,95.0,5.0,72.0,93.0,87.0,27.1,33.8
34,51133,Absolute Lymphocyte Count,Blood,Hematology,0.7022653721682848,35,1.0,1.0,1.0,1.0,1.0,1.0,1.0,1.0,1.0,1.0,5.0,5.0,55.0,63.0,86.0,69.0,63.0,5.0,6.0,6.0,5.0,6.0,5.0,5.0,9.0,9.0,7.0,98.0,6.0,99.0,5.0,94.0,56.0,35.0,38.0,44.0,50.0,4.0,4.0,4.0,4.0,4.0,16.0,20.0,8.0,11.0,13.0,26.0,2.0,94.0,79.0,93.0,35.0,30.2
35,52074,Absolute Monocyte Count,Blood,Hematology,0.7022653721682848,36,1.0,1.0,1.0,1.0,1.0,1.0,1.0,1.0,1.0,1.0,5.0,5.0,13.0,8.0,3.0,9.0,10.0,4.0,4.0,3.0,2.0,5.0,3.0,6.0,4.0,5.0,3.0,99.0,3.0,89.0,3.0,97.0,9.0,3.0,7.0,32.0,10.0,5.0,5.0,5.0,5.0,6.0,6.0,9.0,6.0,4.0,6.0,1.0,7.0,85.0,11.0,1.0,18.6,11.2
36,52073,Absolute Eosinophil Count,Blood,Hematology,0.7022653721682848,37,1.0,1.0,1.0,1.0,1.0,1.0,1.0,1.0,1.0,1.0,5.0,5.0,59.0,15.0,14.0,31.0,26.0,14.0,16.0,20.0,30.0,14.0,43.0,29.0,35.0,25.0,53.0,90.0,43.0,72.0,96.0,8.0,28.0,34.0,46.0,20.0,42.0,11.0,10.0,7.0,12.0,12.0,18.0,15.0,7.0,20.0,12.0,97.0,22.0,73.0,32.0,59.0,36.6,28.8
37,52069,Absolute Basophil Count,Blood,Hematology,0.7022653721682848,38,1.0,1.0,1.0,1.0,1.0,1.0,1.0,1.0,1.0,1.0,5.0,5.0,75.0,72.0,59.0,59.0,50.0,12.0,9.0,13.0,25.0,13.0,26.0,18.0,32.0,35.0,38.0,95.0,51.0,83.0,15.0,87.0,59.0,52.0,69.0,60.0,61.0,36.0,18.0,21.0,17.0,23.0,38.0,12.0,42.0,24.0,16.0,25.0,72.0,54.0,16.0,94.0,43.4,40.4
38,50954,Lactate Dehydrogenase (LD),Blood,Chemistry,0.6714219668449904,39,1.0,1.0,1.0,1.0,1.0,1.0,1.0,1.0,1.0,1.0,5.0,5.0,39.0,38.0,31.0,55.0,53.0,2.0,3.0,5.0,3.0,3.0,7.0,3.0,5.0,3.0,5.0,96.0,100.0,94.0,21.0,96.0,51.0,44.0,52.0,50.0,20.0,2.0,2.0,3.0,3.0,2.0,3.0,3.0,3.0,12.0,2.0,86.0,42.0,96.0,9.0,55.0,33.1,27.0
39,50862,Albumin,Blood,Chemistry,0.6499570702067234,40,1.0,1.0,1.0,1.0,1.0,1.0,1.0,1.0,1.0,1.0,5.0,5.0,32.0,39.0,40.0,51.0,49.0,18.0,17.0,9.0,11.0,21.0,41.0,34.0,26.0,20.0,11.0,66.0,16.0,60.0,29.0,85.0,62.0,54.0,41.0,73.0,36.0,10.0,8.0,12.0,8.0,5.0,5.0,7.0,13.0,3.0,4.0,2.0,14.0,93.0,27.0,95.0,33.8,28.6
40,52135,Immature Granulocytes,Blood,Hematology,0.5399247077471765,41,1.0,1.0,1.0,1.0,1.0,1.0,1.0,1.0,1.0,1.0,5.0,5.0,22.0,29.0,30.0,33.0,20.0,16.0,22.0,12.0,19.0,16.0,22.0,27.0,12.0,31.0,14.0,86.0,28.0,52.0,90.0,3.0,22.0,41.0,37.0,35.0,46.0,24.0,29.0,33.0,22.0,39.0,28.0,49.0,44.0,44.0,44.0,8.0,12.0,60.0,97.0,43.0,29.2,37.8
41,51491,pH,Urine,Hematology,0.40875767782841294,42,1.0,1.0,1.0,1.0,1.0,1.0,1.0,1.0,1.0,1.0,5.0,5.0,78.0,58.0,36.0,65.0,85.0,52.0,48.0,48.0,55.0,45.0,57.0,57.0,64.0,52.0,30.0,75.0,49.0,66.0,30.0,9.0,71.0,71.0,60.0,58.0,69.0,51.0,54.0,50.0,51.0,53.0,53.0,66.0,48.0,55.0,60.0,76.0,76.0,39.0,80.0,50.0,53.0,59.6
42,51498,Specific Gravity,Urine,Hematology,0.4039363318142791,43,1.0,1.0,1.0,1.0,1.0,1.0,1.0,1.0,1.0,1.0,5.0,5.0,44.0,25.0,20.0,43.0,59.0,27.0,28.0,29.0,31.0,25.0,31.0,36.0,13.0,14.0,16.0,82.0,53.0,61.0,87.0,6.0,63.0,89.0,76.0,59.0,65.0,49.0,45.0,48.0,47.0,47.0,36.0,54.0,51.0,52.0,48.0,98.0,17.0,55.0,82.0,58.0,36.5,57.0
43,51144,Bands,Blood,Hematology,0.353147084076349,44,1.0,1.0,1.0,1.0,1.0,1.0,1.0,1.0,1.0,1.0,5.0,5.0,30.0,18.0,37.0,34.0,35.0,56.0,54.0,51.0,56.0,68.0,92.0,40.0,95.0,33.0,94.0,64.0,89.0,23.0,84.0,63.0,35.0,39.0,42.0,31.0,17.0,47.0,48.0,44.0,26.0,46.0,50.0,51.0,28.0,39.0,47.0,13.0,86.0,2.0,24.0,54.0,55.8,38.4
44,51007,Uric Acid,Blood,Chemistry,0.3457499504656231,45,1.0,1.0,1.0,1.0,1.0,1.0,1.0,1.0,1.0,1.0,5.0,5.0,26.0,45.0,38.0,49.0,17.0,1.0,1.0,1.0,1.0,1.0,1.0,2.0,3.0,1.0,1.0,100.0,96.0,100.0,2.0,99.0,38.0,48.0,21.0,25.0,28.0,1.0,1.0,1.0,1.0,1.0,1.0,1.0,1.0,1.0,1.0,5.0,11.0,100.0,3.0,69.0,29.2,17.9
45,51251,Metamyelocytes,Blood,Hematology,0.3312859124232217,46,1.0,1.0,1.0,1.0,1.0,1.0,1.0,1.0,1.0,1.0,5.0,5.0,10.0,22.0,13.0,21.0,13.0,50.0,45.0,41.0,49.0,42.0,34.0,24.0,16.0,13.0,22.0,72.0,25.0,53.0,85.0,1.0,2.0,8.0,22.0,5.0,8.0,28.0,49.0,39.0,37.0,49.0,39.0,36.0,5.0,10.0,14.0,89.0,31.0,44.0,92.0,47.0,32.6,32.7
46,51255,Myelocytes,Blood,Hematology,0.3223036787530546,47,1.0,1.0,1.0,1.0,1.0,1.0,1.0,1.0,1.0,1.0,5.0,5.0,51.0,28.0,24.0,29.0,37.0,45.0,46.0,46.0,54.0,48.0,98.0,98.0,15.0,98.0,36.0,73.0,1.0,62.0,41.0,79.0,16.0,42.0,26.0,49.0,21.0,39.0,51.0,47.0,32.0,48.0,19.0,45.0,36.0,38.0,50.0,28.0,20.0,51.0,95.0,67.0,50.4,41.0
47,51143,Atypical Lymphocytes,Blood,Hematology,0.3022917905026088,48,1.0,1.0,1.0,1.0,1.0,1.0,1.0,1.0,1.0,1.0,5.0,5.0,25.0,12.0,12.0,16.0,14.0,73.0,95.0,55.0,63.0,57.0,91.0,94.0,94.0,94.0,95.0,9.0,81.0,55.0,32.0,64.0,5.0,14.0,10.0,4.0,12.0,61.0,66.0,73.0,58.0,52.0,64.0,64.0,56.0,23.0,51.0,41.0,78.0,48.0,77.0,35.0,56.6,44.6
48,51493,RBC,Urine,Hematology,0.2846575523413249,49,1.0,1.0,1.0,1.0,1.0,1.0,1.0,1.0,1.0,1.0,5.0,5.0,52.0,46.0,65.0,41.0,67.0,72.0,57.0,70.0,70.0,67.0,59.0,72.0,67.0,67.0,63.0,18.0,52.0,31.0,49.0,33.0,39.0,58.0,30.0,16.0,26.0,56.0,56.0,65.0,61.0,57.0,48.0,48.0,67.0,62.0,65.0,32.0,84.0,10.0,31.0,42.0,55.9,47.6
49,51516,WBC,Urine,Hematology,0.2803645730136715,50,1.0,1.0,1.0,1.0,1.0,1.0,1.0,1.0,1.0,1.0,5.0,5.0,42.0,49.0,78.0,46.0,45.0,55.0,78.0,59.0,57.0,66.0,42.0,53.0,56.0,60.0,61.0,16.0,55.0,4.0,48.0,35.0,45.0,26.0,49.0,37.0,44.0,57.0,58.0,53.0,60.0,59.0,46.0,58.0,62.0,77.0,69.0,59.0,46.0,38.0,78.0,39.0,50.2,53.0
50,51476,Epithelial Cells,Urine,Hematology,0.2622680140017172,51,1.0,1.0,1.0,1.0,1.0,1.0,1.0,1.0,1.0,1.0,5.0,5.0,49.0,50.0,64.0,63.0,60.0,59.0,80.0,92.0,76.0,83.0,47.0,61.0,59.0,56.0,44.0,37.0,45.0,54.0,47.0,30.0,58.0,62.0,82.0,74.0,76.0,82.0,87.0,85.0,84.0,70.0,89.0,56.0,96.0,75.0,86.0,53.0,54.0,12.0,54.0,17.0,57.8,67.6
51,51257,Nucleated Red Cells,Blood,Hematology,0.2609470972855161,52,1.0,1.0,1.0,1.0,1.0,1.0,1.0,1.0,1.0,1.0,5.0,5.0,36.0,33.0,22.0,28.0,25.0,41.0,31.0,44.0,50.0,17.0,25.0,49.0,42.0,99.0,84.0,27.0,32.0,97.0,26.0,17.0,43.0,45.0,48.0,38.0,58.0,15.0,12.0,11.0,23.0,34.0,55.0,43.0,32.0,46.0,52.0,85.0,23.0,45.0,83.0,76.0,41.2,43.4
52,51492,Protein,Urine,Hematology,0.22475397926160756,53,1.0,1.0,1.0,1.0,1.0,1.0,1.0,1.0,1.0,1.0,5.0,5.0,60.0,23.0,50.0,17.0,30.0,43.0,56.0,57.0,51.0,71.0,58.0,59.0,65.0,38.0,56.0,30.0,50.0,8.0,82.0,29.0,81.0,68.0,74.0,68.0,57.0,53.0,59.0,52.0,56.0,54.0,54.0,35.0,49.0,66.0,56.0,37.0,82.0,40.0,29.0,51.0,46.6,56.0
53,51214,"Fibrinogen, Functional",Blood,Hematology,0.21649824978535104,54,1.0,1.0,1.0,1.0,1.0,1.0,1.0,1.0,1.0,1.0,5.0,5.0,65.0,35.0,67.0,50.0,42.0,64.0,58.0,58.0,59.0,53.0,95.0,95.0,98.0,95.0,89.0,8.0,85.0,27.0,79.0,24.0,60.0,55.0,67.0,69.0,64.0,55.0,57.0,58.0,55.0,60.0,59.0,61.0,53.0,51.0,58.0,30.0,75.0,50.0,73.0,37.0,62.3,57.4
54,50813,Lactate,Blood,Blood Gas,0.213922462188759,55,1.0,1.0,1.0,1.0,1.0,1.0,1.0,1.0,1.0,1.0,5.0,5.0,63.0,62.0,58.0,71.0,56.0,77.0,98.0,63.0,72.0,69.0,67.0,77.0,72.0,73.0,45.0,71.0,77.0,24.0,55.0,28.0,27.0,28.0,27.0,22.0,43.0,59.0,70.0,67.0,70.0,65.0,60.0,75.0,81.0,67.0,78.0,63.0,74.0,43.0,64.0,23.0,63.9,55.3
55,50820,pH,Blood,Blood Gas,0.16009510600356647,56,,1.0,1.0,1.0,,,,,,,3.0,,,76.0,74.0,79.0,,,90.0,96.0,93.0,,,79.0,74.0,75.0,,,75.0,35.0,43.0,,,,,,,,,,,,,,,,,,,,,,74.1,
56,51009,Vancomycin,Blood,Chemistry,0.15150914734825968,57,1.0,1.0,1.0,1.0,1.0,1.0,1.0,,,,5.0,2.0,58.0,51.0,61.0,56.0,58.0,86.0,62.0,65.0,64.0,64.0,84.0,51.0,90.0,45.0,75.0,52.0,94.0,58.0,74.0,52.0,65.0,66.0,,,,91.0,83.0,,,,81.0,95.0,,,,65.0,67.0,,,,65.0,76.6
57,51082,"Creatinine, Urine",Urine,Chemistry,0.14047949276798097,58,1.0,1.0,1.0,1.0,1.0,1.0,1.0,1.0,1.0,1.0,5.0,5.0,72.0,60.0,60.0,81.0,61.0,53.0,51.0,64.0,42.0,49.0,86.0,90.0,91.0,43.0,83.0,54.0,93.0,18.0,24.0,53.0,61.0,46.0,43.0,39.0,54.0,68.0,61.0,72.0,78.0,63.0,98.0,57.0,83.0,71.0,76.0,79.0,71.0,6.0,66.0,9.0,61.4,60.0
58,50802,Base Excess,Blood,Blood Gas,0.13988508024569052,59,,1.0,1.0,1.0,,,,,,,3.0,,,64.0,52.0,70.0,,,81.0,84.0,90.0,,,74.0,69.0,70.0,,,60.0,11.0,71.0,,,,,,,,,,,,,,,,,,,,,,66.3,
59,50804,Calculated Total CO2,Blood,Blood Gas,0.13981903440988044,60,,1.0,1.0,1.0,,,,,,,3.0,,,66.0,54.0,73.0,,,76.0,95.0,89.0,,,96.0,99.0,96.0,,,84.0,29.0,80.0,,,,,,,,,,,,,,,,,,,,,,78.1,
60,50821,pO2,Blood,Blood Gas,0.13968694273826035,61,,1.0,1.0,1.0,,,,,,,3.0,,,70.0,63.0,66.0,,,82.0,94.0,99.0,,,80.0,75.0,76.0,,,74.0,28.0,56.0,,,,,,,,,,,,,,,,,,,,,,71.9,
61,50818,pCO2,Blood,Blood Gas,0.13968694273826035,62,,1.0,1.0,1.0,,,,,,,3.0,,,74.0,73.0,90.0,,,88.0,79.0,78.0,,,78.0,73.0,74.0,,,76.0,21.0,40.0,,,,,,,,,,,,,,,,,,,,,,70.3,
62,51283,"Reticulocyte Count, Automated",Blood,Hematology,0.13724324681328842,63,1.0,1.0,1.0,1.0,1.0,1.0,1.0,1.0,1.0,1.0,5.0,5.0,91.0,100.0,84.0,93.0,93.0,97.0,89.0,85.0,91.0,77.0,46.0,99.0,51.0,58.0,42.0,36.0,42.0,34.0,54.0,27.0,72.0,67.0,73.0,72.0,91.0,78.0,84.0,76.0,75.0,78.0,72.0,76.0,61.0,63.0,75.0,90.0,56.0,47.0,49.0,19.0,69.4,68.7
63,51282,"Reticulocyte Count, Absolute",Blood,Hematology,0.12971402153094247,64,1.0,1.0,1.0,1.0,1.0,1.0,1.0,1.0,1.0,1.0,5.0,5.0,93.0,92.0,94.0,88.0,87.0,95.0,86.0,82.0,92.0,87.0,66.0,54.0,63.0,66.0,43.0,35.0,41.0,33.0,52.0,26.0,86.0,83.0,77.0,81.0,92.0,85.0,86.0,69.0,77.0,92.0,83.0,96.0,80.0,54.0,96.0,62.0,27.0,13.0,37.0,15.0,68.8,69.6
64,50924,Ferritin,Blood,Chemistry,0.12568522554652928,65,1.0,1.0,1.0,1.0,1.0,1.0,1.0,1.0,1.0,1.0,5.0,5.0,90.0,77.0,69.0,72.0,90.0,70.0,79.0,76.0,94.0,85.0,75.0,85.0,81.0,81.0,74.0,46.0,68.0,43.0,89.0,55.0,87.0,84.0,92.0,88.0,93.0,72.0,71.0,75.0,74.0,75.0,84.0,74.0,91.0,68.0,70.0,74.0,44.0,31.0,72.0,33.0,75.0,72.6
65,50993,Thyroid Stimulating Hormone,Blood,Chemistry,0.11927877947295423,66,1.0,1.0,1.0,1.0,1.0,1.0,1.0,1.0,1.0,1.0,5.0,5.0,88.0,83.0,87.0,85.0,89.0,71.0,65.0,60.0,62.0,62.0,83.0,60.0,89.0,89.0,82.0,61.0,95.0,59.0,59.0,76.0,88.0,79.0,86.0,80.0,83.0,64.0,67.0,63.0,65.0,66.0,66.0,65.0,69.0,60.0,81.0,44.0,32.0,7.0,90.0,40.0,75.2,64.8
66,50976,"Protein, Total",Blood,Chemistry,0.1183541377716135,67,1.0,1.0,1.0,1.0,1.0,1.0,1.0,1.0,1.0,1.0,5.0,5.0,89.0,90.0,89.0,87.0,81.0,10.0,12.0,25.0,37.0,8.0,21.0,43.0,36.0,39.0,21.0,12.0,97.0,64.0,11.0,7.0,78.0,74.0,84.0,83.0,90.0,30.0,36.0,34.0,27.0,38.0,63.0,53.0,54.0,50.0,57.0,99.0,80.0,71.0,85.0,64.0,44.0,62.5
67,50910,Creatine Kinase (CK),Blood,Chemistry,0.11729740439865266,68,1.0,,,,,,,1.0,,,1.0,1.0,40.0,,,,,91.0,,,,,74.0,,,,,50.0,,,,,,,4.0,,,,,55.0,,,,,52.0,,,,,41.0,,,63.8,38.0
68,50935,Haptoglobin,Blood,Chemistry,0.11723135856284261,69,1.0,1.0,1.0,1.0,1.0,1.0,1.0,1.0,1.0,1.0,5.0,5.0,62.0,87.0,76.0,76.0,79.0,60.0,71.0,80.0,61.0,59.0,77.0,86.0,48.0,82.0,67.0,44.0,67.0,45.0,61.0,51.0,89.0,94.0,88.0,92.0,95.0,62.0,77.0,71.0,68.0,80.0,52.0,78.0,75.0,80.0,59.0,64.0,60.0,22.0,34.0,10.0,67.0,67.5
69,51100,"Sodium, Urine",Urine,Chemistry,0.11551416683178126,70,1.0,1.0,1.0,1.0,1.0,1.0,1.0,1.0,1.0,1.0,5.0,5.0,67.0,69.0,57.0,68.0,88.0,62.0,77.0,54.0,73.0,75.0,88.0,92.0,93.0,93.0,99.0,56.0,91.0,20.0,76.0,57.0,90.0,57.0,71.0,65.0,74.0,74.0,53.0,60.0,50.0,56.0,96.0,69.0,77.0,53.0,67.0,70.0,70.0,5.0,33.0,11.0,72.8,60.0
70,51482,Hyaline Casts,Urine,Hematology,0.11406115844396011,71,1.0,1.0,1.0,1.0,1.0,1.0,1.0,1.0,1.0,1.0,5.0,5.0,73.0,61.0,75.0,64.0,62.0,94.0,75.0,88.0,88.0,76.0,55.0,75.0,62.0,63.0,46.0,39.0,47.0,39.0,51.0,31.0,69.0,37.0,32.0,43.0,59.0,87.0,79.0,84.0,82.0,85.0,68.0,94.0,82.0,79.0,62.0,54.0,52.0,34.0,57.0,22.0,63.2,63.0
71,51093,"Osmolality, Urine",Urine,Chemistry,0.11174955419060828,72,1.0,1.0,1.0,1.0,1.0,1.0,1.0,1.0,1.0,1.0,5.0,5.0,71.0,68.0,55.0,74.0,83.0,82.0,93.0,86.0,68.0,58.0,87.0,91.0,92.0,92.0,93.0,55.0,92.0,19.0,75.0,54.0,93.0,82.0,79.0,87.0,77.0,69.0,69.0,79.0,59.0,58.0,99.0,46.0,66.0,87.0,72.0,67.0,69.0,18.0,45.0,21.0,74.4,67.1
72,50956,Lipase,Blood,Chemistry,0.10904167492239614,73,1.0,1.0,1.0,1.0,1.0,1.0,1.0,1.0,1.0,1.0,5.0,5.0,76.0,84.0,72.0,83.0,71.0,83.0,83.0,91.0,69.0,79.0,82.0,89.0,85.0,88.0,69.0,53.0,63.0,50.0,66.0,59.0,85.0,87.0,83.0,86.0,86.0,71.0,81.0,77.0,62.0,84.0,92.0,85.0,95.0,84.0,88.0,71.0,64.0,11.0,36.0,20.0,74.8,72.4
73,50952,Iron,Blood,Chemistry,0.10144640380424014,74,1.0,,,1.0,1.0,1.0,1.0,1.0,1.0,1.0,3.0,5.0,99.0,,,99.0,86.0,67.0,,,77.0,84.0,80.0,,,86.0,70.0,63.0,,,83.0,56.0,96.0,99.0,94.0,98.0,99.0,88.0,85.0,92.0,89.0,83.0,90.0,86.0,68.0,95.0,92.0,72.0,61.0,8.0,70.0,26.0,79.2,79.6
74,50998,Transferrin,Blood,Chemistry,0.09411531602932435,75,1.0,,,1.0,,1.0,1.0,1.0,1.0,1.0,2.0,5.0,83.0,,,86.0,,90.0,,,97.0,,69.0,,,90.0,,48.0,,,72.0,,80.0,90.0,78.0,82.0,72.0,93.0,92.0,93.0,88.0,88.0,97.0,100.0,100.0,98.0,89.0,73.0,66.0,14.0,76.0,18.0,79.4,79.4
75,50808,Free Calcium,Blood,Blood Gas,0.09338881183541378,76,,,,,,,,,,,,,,,,,,,,,,,,,,,,,,,,,,,,,,,,,,,,,,,,,,,,,,
76,50953,"Iron Binding Capacity, Total",Blood,Chemistry,0.09338881183541378,77,1.0,,,1.0,,1.0,1.0,1.0,1.0,1.0,2.0,5.0,98.0,,,97.0,,66.0,,,96.0,,81.0,,,87.0,,58.0,,,65.0,,97.0,96.0,91.0,90.0,85.0,95.0,94.0,88.0,91.0,93.0,91.0,87.0,94.0,74.0,91.0,46.0,63.0,9.0,75.0,34.0,81.0,79.2
77,50884,"Bilirubin, Indirect",Blood,Chemistry,0.09319067432798363,78,1.0,1.0,1.0,1.0,1.0,1.0,1.0,1.0,1.0,1.0,5.0,5.0,77.0,73.0,79.0,75.0,70.0,57.0,94.0,61.0,71.0,51.0,71.0,83.0,78.0,79.0,78.0,43.0,71.0,37.0,69.0,12.0,44.0,56.0,55.0,45.0,33.0,52.0,65.0,59.0,66.0,55.0,47.0,63.0,50.0,57.0,46.0,19.0,47.0,49.0,86.0,13.0,66.4,50.4
78,50930,Globulin,Blood,Chemistry,0.08533121986658741,79,1.0,1.0,1.0,1.0,1.0,1.0,1.0,1.0,1.0,1.0,5.0,5.0,81.0,80.0,66.0,77.0,78.0,9.0,10.0,21.0,32.0,12.0,76.0,52.0,82.0,41.0,23.0,13.0,27.0,3.0,17.0,71.0,75.0,75.0,93.0,85.0,80.0,8.0,15.0,16.0,7.0,10.0,9.0,52.0,18.0,8.0,27.0,94.0,91.0,78.0,98.0,85.0,43.6,51.2
79,50822,"Potassium, Whole Blood",Blood,Blood Gas,0.08500099068753715,80,,,,,,,,,,,,,,,,,,,,,,,,,,,,,,,,,,,,,,,,,,,,,,,,,,,,,,
80,50911,"Creatine Kinase, MB Isoenzyme",Blood,Chemistry,0.08486889901591704,81,,,,,,,,,,,,,,,,,,,,,,,,,,,,,,,,,,,,,,,,,,,,,,,,,,,,,,
81,51000,Triglycerides,Blood,Chemistry,0.08262334059837527,82,,,,,,,,,,,,,,,,,,,,,,,,,,,,,,,,,,,,,,,,,,,,,,,,,,,,,,
82,50961,Methotrexate,Blood,Chemistry,0.08156660722541444,83,,,,,,1.0,1.0,,,1.0,,3.0,,,,,,,,,,,,,,,,,,,,,11.0,15.0,,,9.0,12.0,11.0,,,7.0,4.0,4.0,,,5.0,11.0,95.0,,,8.0,,16.0
83,51484,Ketone,Urine,Hematology,0.08110428637474407,84,1.0,1.0,1.0,1.0,1.0,1.0,1.0,1.0,1.0,1.0,5.0,5.0,34.0,24.0,35.0,26.0,55.0,13.0,8.0,26.0,34.0,10.0,19.0,23.0,27.0,27.0,28.0,79.0,48.0,9.0,50.0,13.0,34.0,31.0,47.0,34.0,38.0,33.0,42.0,29.0,43.0,43.0,49.0,44.0,25.0,45.0,30.0,80.0,92.0,42.0,40.0,71.0,29.4,44.6
84,50883,"Bilirubin, Direct",Blood,Chemistry,0.0803777821808335,85,1.0,1.0,1.0,,1.0,1.0,1.0,1.0,1.0,1.0,4.0,5.0,45.0,82.0,51.0,,47.0,63.0,85.0,74.0,,86.0,70.0,82.0,77.0,,79.0,45.0,72.0,36.0,,47.0,53.0,72.0,54.0,48.0,62.0,66.0,93.0,81.0,81.0,89.0,69.0,97.0,89.0,78.0,98.0,66.0,57.0,27.0,43.0,31.0,65.1,67.7
85,51148,Blasts,Blood,Hematology,0.07965127798692292,86,1.0,1.0,1.0,1.0,1.0,1.0,1.0,1.0,1.0,1.0,5.0,5.0,4.0,16.0,41.0,13.0,3.0,49.0,40.0,50.0,48.0,56.0,14.0,42.0,97.0,15.0,92.0,17.0,87.0,25.0,78.0,46.0,36.0,47.0,51.0,40.0,48.0,83.0,82.0,87.0,72.0,91.0,80.0,82.0,71.0,59.0,64.0,42.0,50.0,1.0,20.0,62.0,41.6,58.4
86,51657,HPE1,Blood,Chemistry,0.07918895713625256,87,1.0,1.0,1.0,1.0,1.0,1.0,1.0,1.0,1.0,1.0,5.0,5.0,94.0,99.0,97.0,96.0,95.0,68.0,52.0,72.0,60.0,54.0,64.0,70.0,61.0,68.0,59.0,33.0,58.0,22.0,45.0,69.0,100.0,98.0,99.0,95.0,100.0,60.0,63.0,68.0,76.0,69.0,62.0,90.0,57.0,56.0,87.0,39.0,87.0,33.0,89.0,41.0,66.8,73.4
87,51659,HPE3,Blood,Chemistry,0.07628294036061026,88,1.0,1.0,1.0,1.0,1.0,1.0,1.0,1.0,1.0,1.0,5.0,5.0,100.0,94.0,100.0,91.0,98.0,93.0,66.0,90.0,67.0,55.0,52.0,63.0,58.0,64.0,57.0,29.0,44.0,12.0,34.0,37.0,94.0,95.0,96.0,93.0,97.0,67.0,73.0,74.0,80.0,74.0,93.0,91.0,84.0,96.0,79.0,45.0,65.0,21.0,88.0,5.0,65.2,75.5
88,51269,Promyelocytes,Blood,Hematology,0.07615084868899016,89,1.0,1.0,1.0,1.0,1.0,1.0,1.0,1.0,1.0,1.0,5.0,5.0,68.0,75.0,71.0,67.0,74.0,25.0,55.0,52.0,47.0,52.0,24.0,39.0,41.0,16.0,64.0,62.0,36.0,13.0,36.0,22.0,82.0,73.0,59.0,53.0,52.0,84.0,89.0,89.0,87.0,96.0,61.0,84.0,93.0,73.0,100.0,38.0,29.0,19.0,68.0,25.0,47.0,67.7
89,50950,Immunoglobulin G,Blood,Chemistry,0.07555643616669969,90,1.0,1.0,1.0,1.0,1.0,1.0,1.0,1.0,1.0,1.0,5.0,5.0,79.0,85.0,80.0,78.0,82.0,76.0,60.0,66.0,80.0,61.0,79.0,56.0,84.0,84.0,72.0,51.0,65.0,47.0,63.0,49.0,52.0,65.0,58.0,64.0,51.0,58.0,62.0,57.0,63.0,67.0,71.0,62.0,63.0,88.0,82.0,50.0,43.0,52.0,74.0,48.0,69.8,61.5
90,51514,Urobilinogen,Urine,Hematology,0.07555643616669969,91,1.0,1.0,1.0,,1.0,1.0,,1.0,1.0,1.0,4.0,4.0,66.0,78.0,53.0,,65.0,98.0,91.0,99.0,,98.0,62.0,69.0,55.0,,62.0,38.0,54.0,14.0,,34.0,76.0,,65.0,77.0,70.0,99.0,,86.0,93.0,90.0,95.0,,92.0,86.0,93.0,56.0,,16.0,48.0,38.0,64.8,73.8
91,51104,"Urea Nitrogen, Urine",Urine,Chemistry,0.07522620698764942,92,,,,,,,,,,,,,,,,,,,,,,,,,,,,,,,,,,,,,,,,,,,,,,,,,,,,,,
92,50889,C-Reactive Protein,Blood,Chemistry,0.07463179446535896,93,1.0,1.0,1.0,1.0,1.0,,1.0,1.0,1.0,1.0,5.0,4.0,18.0,54.0,39.0,23.0,15.0,78.0,68.0,67.0,58.0,70.0,72.0,84.0,79.0,80.0,77.0,42.0,70.0,57.0,60.0,58.0,,32.0,40.0,47.0,31.0,,80.0,80.0,64.0,68.0,,67.0,90.0,94.0,55.0,,58.0,35.0,69.0,44.0,58.4,59.6
93,51259,Other Cells,Blood,Hematology,0.07390529027144839,94,1.0,1.0,1.0,1.0,1.0,1.0,1.0,1.0,1.0,1.0,5.0,5.0,57.0,57.0,56.0,62.0,57.0,69.0,70.0,73.0,100.0,60.0,30.0,50.0,70.0,72.0,66.0,28.0,34.0,17.0,44.0,19.0,49.0,40.0,53.0,46.0,34.0,100.0,100.0,100.0,99.0,100.0,94.0,98.0,99.0,99.0,95.0,69.0,62.0,15.0,67.0,14.0,54.6,71.6
94,51663,HPE7,Blood,Chemistry,0.07205600686876693,95,1.0,1.0,1.0,1.0,1.0,1.0,1.0,1.0,1.0,1.0,5.0,5.0,97.0,98.0,99.0,84.0,99.0,61.0,49.0,69.0,66.0,78.0,54.0,66.0,57.0,69.0,55.0,19.0,29.0,16.0,42.0,38.0,98.0,88.0,90.0,94.0,89.0,80.0,75.0,61.0,71.0,71.0,82.0,77.0,76.0,83.0,66.0,75.0,68.0,46.0,61.0,56.0,62.2,75.4
95,50963,NTproBNP,Blood,Chemistry,0.0700085859586553,96,,,,,,,,,,,,,,,,,,,,,,,,,,,,,,,,,,,,,,,,,,,,,,,,,,,,,,
96,51010,Vitamin B12,Blood,Chemistry,0.06307377319859983,97,,,,,,,,1.0,,,,1.0,,,,,,,,,,,,,,,,,,,,,,,89.0,,,,,78.0,,,,,73.0,,,,,17.0,,,,64.2
97,51097,"Potassium, Urine",Urine,Chemistry,0.06261145234792946,98,,,,,,,,,,,,,,,,,,,,,,,,,,,,,,,,,,,,,,,,,,,,,,,,,,,,,,
98,51564,ARCH-1,Blood,Chemistry,0.061818902318208836,99,1.0,1.0,1.0,1.0,1.0,1.0,1.0,1.0,1.0,1.0,5.0,5.0,95.0,97.0,96.0,100.0,94.0,65.0,67.0,78.0,52.0,38.0,63.0,71.0,66.0,44.0,60.0,34.0,59.0,30.0,46.0,36.0,92.0,100.0,100.0,100.0,98.0,76.0,64.0,66.0,67.0,61.0,78.0,89.0,70.0,64.0,71.0,40.0,53.0,58.0,52.0,7.0,64.6,70.3
99,51478,Glucose,Urine,Hematology,0.060299848094577634,100,1.0,1.0,1.0,1.0,,1.0,1.0,1.0,1.0,1.0,4.0,5.0,86.0,86.0,82.0,82.0,,58.0,59.0,56.0,75.0,,53.0,76.0,60.0,54.0,,40.0,46.0,40.0,39.0,,50.0,77.0,75.0,56.0,56.0,79.0,68.0,83.0,79.0,79.0,73.0,59.0,55.0,85.0,83.0,84.0,77.0,59.0,41.0,49.0,62.0,68.4
100,50949,Immunoglobulin A,Blood,Chemistry,0.05673337296083482,101,1.0,1.0,1.0,1.0,1.0,1.0,1.0,1.0,1.0,1.0,5.0,5.0,80.0,81.0,77.0,80.0,80.0,88.0,69.0,71.0,85.0,73.0,78.0,87.0,83.0,83.0,73.0,49.0,66.0,46.0,62.0,50.0,77.0,60.0,57.0,55.0,63.0,63.0,72.0,54.0,52.0,72.0,65.0,72.0,78.0,72.0,68.0,24.0,33.0,53.0,26.0,46.0,73.0,58.1
101,51003,Troponin T,Blood,Chemistry,0.05646918961759461,102,,,,,,,,,,,,,,,,,,,,,,,,,,,,,,,,,,,,,,,,,,,,,,,,,,,,,,
102,50824,"Sodium, Whole Blood",Blood,Blood Gas,0.053893402021002575,103,,,,,,,,,,,,,,,,,,,,,,,,,,,,,,,,,,,,,,,,,,,,,,,,,,,,,,
103,50951,Immunoglobulin M,Blood,Chemistry,0.05369526451357242,104,,1.0,1.0,1.0,1.0,1.0,1.0,1.0,1.0,1.0,4.0,5.0,,79.0,90.0,57.0,72.0,,96.0,77.0,86.0,90.0,,88.0,71.0,85.0,71.0,,64.0,48.0,64.0,48.0,83.0,92.0,72.0,70.0,81.0,65.0,76.0,64.0,53.0,86.0,87.0,68.0,65.0,69.0,74.0,47.0,89.0,30.0,71.0,27.0,74.1,68.4
104,50825,Temperature,Blood,Blood Gas,0.053298989498712104,105,,,,,,,,,,,,,,,,,,,,,,,,,,,,,,,,,,,,,,,,,,,,,,,,,,,,,,
105,50964,"Osmolality, Measured",Blood,Chemistry,0.05250643946899148,106,,,1.0,,,,,,,,1.0,,,,92.0,,,,,100.0,,,,,88.0,,,,,42.0,,,,,,,,,,,,,,,,,,,,,,,80.5,
106,50852,% Hemoglobin A1c,Blood,Chemistry,0.05045901855887986,107,,,,,,,,,,,,,,,,,,,,,,,,,,,,,,,,,,,,,,,,,,,,,,,,,,,,,,
107,51078,"Chloride, Urine",Urine,Chemistry,0.0501287893798296,108,,,,,,,,,,,,,,,,,,,,,,,,,,,,,,,,,,,,,,,,,,,,,,,,,,,,,,
108,51613,eAG,Blood,Chemistry,0.049930651872399444,109,,,,,,,,,,,,,,,,,,,,,,,,,,,,,,,,,,,,,,,,,,,,,,,,,,,,,,
109,51102,"Total Protein, Urine",Urine,Chemistry,0.049666468529159236,110,,,,,,,,,,,,,,,,,,,,,,,,,,,,,,,,,,,,,,,,,,,,,,,,,,,,,,
110,53161,Estimated GFR (CKD- EPI Refit),Blood,Chemistry,0.049072056006868765,111,1.0,1.0,1.0,1.0,1.0,1.0,1.0,1.0,1.0,1.0,5.0,5.0,20.0,17.0,17.0,35.0,44.0,84.0,72.0,75.0,83.0,74.0,100.0,100.0,100.0,100.0,100.0,41.0,90.0,6.0,88.0,45.0,84.0,80.0,80.0,89.0,84.0,77.0,74.0,82.0,86.0,77.0,67.0,60.0,74.0,90.0,73.0,83.0,73.0,20.0,50.0,57.0,64.6,73.0
111,50853,25-OH Vitamin D,Blood,Chemistry,0.049072056006868765,112,1.0,1.0,1.0,1.0,1.0,,,,,,5.0,,96.0,95.0,95.0,95.0,97.0,75.0,84.0,89.0,87.0,81.0,96.0,81.0,76.0,77.0,88.0,23.0,73.0,26.0,70.0,21.0,,,,,,,,,,,,,,,,,,,,,76.2,
112,52286,"Total Nucleated Cells, CSF",Cerebrospinal Fluid,Hematology,0.04827950597714814,113,1.0,1.0,1.0,1.0,1.0,1.0,1.0,1.0,1.0,1.0,5.0,5.0,70.0,55.0,62.0,52.0,66.0,79.0,100.0,62.0,95.0,97.0,48.0,64.0,44.0,57.0,48.0,65.0,31.0,63.0,73.0,43.0,67.0,86.0,62.0,75.0,82.0,98.0,99.0,99.0,95.0,98.0,76.0,80.0,85.0,92.0,99.0,51.0,25.0,23.0,51.0,36.0,63.7,74.0
113,52281,Polys,Cerebrospinal Fluid,Hematology,0.04827950597714814,114,1.0,1.0,1.0,1.0,1.0,1.0,1.0,1.0,1.0,1.0,5.0,5.0,41.0,48.0,88.0,40.0,40.0,85.0,97.0,97.0,98.0,89.0,50.0,55.0,52.0,59.0,50.0,22.0,35.0,41.0,81.0,42.0,70.0,76.0,70.0,78.0,87.0,92.0,96.0,97.0,98.0,87.0,74.0,92.0,87.0,76.0,97.0,52.0,59.0,25.0,55.0,29.0,60.5,74.8
114,52285,"RBC, CSF",Cerebrospinal Fluid,Hematology,0.04827950597714814,115,1.0,1.0,1.0,1.0,1.0,1.0,1.0,1.0,1.0,1.0,5.0,5.0,92.0,91.0,91.0,92.0,73.0,81.0,73.0,68.0,82.0,88.0,49.0,62.0,50.0,55.0,49.0,21.0,33.0,38.0,68.0,14.0,68.0,85.0,81.0,99.0,79.0,97.0,97.0,98.0,94.0,94.0,88.0,99.0,86.0,70.0,54.0,78.0,55.0,24.0,53.0,28.0,63.5,76.4
115,52264,Lymphs,Cerebrospinal Fluid,Hematology,0.04821346014133809,116,1.0,1.0,1.0,1.0,1.0,1.0,1.0,1.0,1.0,1.0,5.0,5.0,61.0,65.0,85.0,58.0,64.0,74.0,64.0,81.0,81.0,95.0,56.0,67.0,54.0,48.0,52.0,25.0,38.0,49.0,58.0,41.0,79.0,69.0,66.0,52.0,66.0,75.0,78.0,91.0,85.0,64.0,58.0,81.0,72.0,65.0,49.0,55.0,49.0,36.0,63.0,3.0,60.8,62.8
116,52272,Monocytes,Cerebrospinal Fluid,Hematology,0.04821346014133809,117,1.0,1.0,1.0,1.0,1.0,1.0,1.0,1.0,1.0,1.0,5.0,5.0,56.0,53.0,83.0,42.0,52.0,96.0,92.0,98.0,79.0,72.0,51.0,58.0,53.0,53.0,51.0,24.0,37.0,44.0,67.0,89.0,91.0,81.0,85.0,71.0,88.0,96.0,91.0,94.0,90.0,82.0,85.0,79.0,88.0,91.0,85.0,77.0,88.0,26.0,58.0,30.0,62.5,78.8
117,50909,Cortisol,Blood,Chemistry,0.04735486427580741,118,,,,,,,,,,,,,,,,,,,,,,,,,,,,,,,,,,,,,,,,,,,,,,,,,,,,,,
118,51802,"Total Protein, CSF",Cerebrospinal Fluid,Chemistry,0.04550558087312595,119,1.0,1.0,1.0,1.0,1.0,1.0,1.0,1.0,1.0,1.0,5.0,5.0,47.0,93.0,93.0,98.0,100.0,80.0,87.0,87.0,74.0,96.0,60.0,73.0,49.0,61.0,54.0,60.0,56.0,32.0,77.0,40.0,20.0,36.0,61.0,63.0,35.0,86.0,88.0,90.0,83.0,76.0,56.0,93.0,60.0,61.0,63.0,48.0,85.0,4.0,44.0,6.0,70.8,57.9
119,51790,"Glucose, CSF",Cerebrospinal Fluid,Chemistry,0.04378838914206459,120,1.0,1.0,1.0,1.0,1.0,1.0,1.0,1.0,1.0,1.0,5.0,5.0,87.0,88.0,81.0,89.0,92.0,87.0,99.0,83.0,65.0,99.0,61.0,68.0,68.0,62.0,47.0,26.0,57.0,15.0,18.0,39.0,74.0,91.0,97.0,96.0,96.0,90.0,90.0,95.0,97.0,95.0,86.0,71.0,98.0,93.0,94.0,58.0,51.0,29.0,56.0,32.0,66.6,79.4
120,51099,Protein/Creatinine Ratio,Urine,Chemistry,0.04259956409748365,121,,,,,,,,,,,,,,,,,,,,,,,,,,,,,,,,,,,,,,,,,,,,,,,,,,,,,,
121,50867,Amylase,Blood,Chemistry,0.04259956409748365,122,,,,,,,,,,,,,,,,,,,,,,,,,,,,,,,,,,,,,,,,,,,,,,,,,,,,,,
122,50809,Glucose,Blood,Blood Gas,0.03909913479955089,123,,,,,,,,,,,,,,,,,,,,,,,,,,,,,,,,,,,,,,,,,,,,,,,,,,,,,,
123,50817,Oxygen Saturation,Blood,Blood Gas,0.038108447262400105,124,,,,,,,,,,,,,,,,,,,,,,,,,,,,,,,,,,,,,,,,,,,,,,,,,,,,,,
124,50810,"Hematocrit, Calculated",Blood,Blood Gas,0.036325209695528694,125,,,,,,,,,,,,,,,,,,,,,,,,,,,,,,,,,,,,,,,,,,,,,,,,,,,,,,
125,50811,Hemoglobin,Blood,Blood Gas,0.036325209695528694,126,,,,,,,,,,,,,,,,,,,,,,,,,,,,,,,,,,,,,,,,,,,,,,,,,,,,,,
126,50907,"Cholesterol, Total",Blood,Chemistry,0.03526847632256786,127,,,,,,,,,,,,,,,,,,,,,,,,,,,,,,,,,,,,,,,,,,,,,,,,,,,,,,
127,50925,Folate,Blood,Chemistry,0.03507033881513771,128,,,,,,,,,,,,,,,,,,,,,,,,,,,,,,,,,,,,,,,,,,,,,,,,,,,,,,
128,50986,tacroFK,Blood,Chemistry,0.03335314708407635,129,,,,,,,,,,,,,,,,,,,,,,,,,,,,,,,,,,,,,,,,,,,,,,,,,,,,,,
129,50806,"Chloride, Whole Blood",Blood,Blood Gas,0.032692688725975826,130,,,,,,,,,,,,,,,,,,,,,,,,,,,,,,,,,,,,,,,,,,,,,,,,,,,,,,
130,50904,"Cholesterol, HDL",Blood,Chemistry,0.02939039693547322,131,,,,,,,,,,,,,,,,,,,,,,,,,,,,,,,,,,,,,,,,,,,,,,,,,,,,,,
131,50995,"Thyroxine (T4), Free",Blood,Chemistry,0.029324351099663165,132,,,,,,,,,,,,,,,,,,,,,,,,,,,,,,,,,,,,,,,,,,,,,,,,,,,,,,
132,50903,Cholesterol Ratio (Total/HDL),Blood,Chemistry,0.028663892741562644,133,,,,,,,,,,,,,,,,,,,,,,,,,,,,,,,,,,,,,,,,,,,,,,,,,,,,,,
133,51625,Free Kappa,Blood,Chemistry,0.02853180106994254,134,,,,,,1.0,1.0,1.0,1.0,1.0,,5.0,,,,,,,,,,,,,,,,,,,,,64.0,63.0,68.0,79.0,75.0,70.0,60.0,70.0,73.0,73.0,77.0,88.0,64.0,97.0,53.0,61.0,41.0,37.0,60.0,16.0,,64.4
134,51479,Granular Casts,Urine,Hematology,0.028465755234132487,135,,,,,,,,,,,,,,,,,,,,,,,,,,,,,,,,,,,,,,,,,,,,,,,,,,,,,,
135,51627,Free Lambda,Blood,Chemistry,0.028465755234132487,136,,,,,,1.0,1.0,1.0,1.0,1.0,,5.0,,,,,,,,,,,,,,,,,,,,,54.0,59.0,95.0,67.0,67.0,73.0,50.0,62.0,69.0,62.0,100.0,55.0,59.0,48.0,77.0,43.0,45.0,32.0,46.0,24.0,,59.4
136,51658,HPE2,Blood,Chemistry,0.028267617726702332,137,1.0,,1.0,1.0,,,,,,,3.0,,84.0,,98.0,94.0,,99.0,,93.0,84.0,,65.0,,47.0,65.0,,31.0,,51.0,35.0,,,,,,,,,,,,,,,,,,,,,,70.5,
137,51626,Free Kappa/Free Lambda Ratio,Blood,Chemistry,0.028267617726702332,138,,,,,,1.0,1.0,1.0,1.0,1.0,,5.0,,,,,,,,,,,,,,,,,,,,,95.0,93.0,87.0,61.0,78.0,81.0,55.0,56.0,57.0,81.0,75.0,70.0,79.0,81.0,90.0,60.0,37.0,63.0,35.0,2.0,,66.8
138,50816,Oxygen,Blood,Blood Gas,0.027541113532791758,139,,,,,,,,,,,,,,,,,,,,,,,,,,,,,,,,,,,,,,,,,,,,,,,,,,,,,,
139,52391,"Total Nucleated Cells, Pleural",Pleural,Hematology,0.02668251766726108,140,,,,,,,,,,,,,,,,,,,,,,,,,,,,,,,,,,,,,,,,,,,,,,,,,,,,,,
140,51446,Lymphocytes,Pleural,Hematology,0.02668251766726108,141,,,,,,,,,,,,,,,,,,,,,,,,,,,,,,,,,,,,,,,,,,,,,,,,,,,,,,
141,51455,Polys,Pleural,Hematology,0.02668251766726108,142,,,,,,,,,,,,,,,,,,,,,,,,,,,,,,,,,,,,,,,,,,,,,,,,,,,,,,
142,51450,Monos,Pleural,Hematology,0.02668251766726108,143,,,,,,,,,,,,,,,,,,,,,,,,,,,,,,,,,,,,,,,,,,,,,,,,,,,,,,
143,51054,"Lactate Dehydrogenase, Pleural",Pleural,Chemistry,0.026352288488210817,144,,,,,,,,,,,,,,,,,,,,,,,,,,,,,,,,,,,,,,,,,,,,,,,,,,,,,,
144,50905,"Cholesterol, LDL, Calculated",Blood,Chemistry,0.026220196816590713,145,,,,,,,,,,,,,,,,,,,,,,,,,,,,,,,,,,,,,,,,,,,,,,,,,,,,,,
145,51059,"Total Protein, Pleural",Pleural,Chemistry,0.02608810514497061,146,,,,,,,,,,,,,,,,,,,,,,,,,,,,,,,,,,,,,,,,,,,,,,,,,,,,,,
146,51053,"Glucose, Pleural",Pleural,Chemistry,0.025559738458490192,147,,,,,,,,,,,,,,,,,,,,,,,,,,,,,,,,,,,,,,,,,,,,,,,,,,,,,,
147,51457,"RBC, Pleural",Pleural,Hematology,0.025097417607819826,148,,,,,,,,,,,,,,,,,,,,,,,,,,,,,,,,,,,,,,,,,,,,,,,,,,,,,,
148,50900,Carcinoembyronic Antigen (CEA),Blood,Chemistry,0.02371045505580873,149,,,,,,,,,,,,,,,,,,,,,,,,,,,,,,,,,,,,,,,,,,,,,,,,,,,,,,
149,52065,"Total Nucleated Cells, Ascites",Ascites,Hematology,0.02338022587675847,150,,,,,,,,,,,,,,,,,,,,,,,,,,,,,,,,,,,,,,,,,,,,,,,,,,,,,,
150,51120,Monocytes,Ascites,Hematology,0.02331418004094842,151,,,,,,,,,,,,,,,,,,,,,,,,,,,,,,,,,,,,,,,,,,,,,,,,,,,,,,
151,51125,Polys,Ascites,Hematology,0.02331418004094842,152,,,,,,,,,,,,,,,,,,,,,,,,,,,,,,,,,,,,,,,,,,,,,,,,,,,,,,
152,51116,Lymphocytes,Ascites,Hematology,0.02331418004094842,153,,,,,,,,,,,,,,,,,,,,,,,,,,,,,,,,,,,,,,,,,,,,,,,,,,,,,,
153,51127,"RBC, Ascites",Ascites,Hematology,0.023248134205138365,154,,,,,,,,,,,,,,,,,,,,,,,,,,,,,,,,,,,,,,,,,,,,,,,,,,,,,,
154,51051,"Cholesterol, Pleural",Pleural,Chemistry,0.022587675847037844,155,,,,,,,,,,,,,,,,,,,,,,,,,,,,,,,,,,,,,,,,,,,,,,,,,,,,,,
155,50927,Gamma Glutamyltransferase,Blood,Chemistry,0.02245558417541774,156,,,,,,,,,,,,,,,,,,,,,,,,,,,,,,,,,,,,,,,,,,,,,,,,,,,,,,
156,50831,pH,Other Body Fluid,Blood Gas,0.022191400832177532,157,,,,,,,,,,,,,,,,,,,,,,,,,,,,,,,,,,,,,,,,,,,,,,,,,,,,,,
157,51447,Macrophages,Pleural,Hematology,0.02093652995178654,158,,,,,,,,,,,,,,,,,,,,,,,,,,,,,,,,,,,,,,,,,,,,,,,,,,,,,,
158,51117,Macrophage,Ascites,Hematology,0.020738392444356383,159,,,,,,,,,,,,,,,,,,,,,,,,,,,,,,,,,,,,,,,,,,,,,,,,,,,,,,
159,51453,Other,Pleural,Hematology,0.019945842414635758,160,,,,,,,,,,,,,,,,,,,,,,,,,,,,,,,,,,,,,,,,,,,,,,,,,,,,,,
160,51436,Polys,Other Body Fluid,Hematology,0.0197477049072056,161,,,,,,,,,,,,,,,,,,,,,,,,,,,,,,,,,,,,,,,,,,,,,,,,,,,,,,
161,51431,Monos,Other Body Fluid,Hematology,0.0197477049072056,162,,,,,,,,,,,,,,,,,,,,,,,,,,,,,,,,,,,,,,,,,,,,,,,,,,,,,,
162,51427,Lymphocytes,Other Body Fluid,Hematology,0.0197477049072056,163,,,,,,,,,,,,,,,,,,,,,,,,,,,,,,,,,,,,,,,,,,,,,,,,,,,,,,
163,51263,Plasma Cells,Blood,Hematology,0.019615613235585496,164,,,,,,,,,,,,,,,,,,,,,,,,,,,,,,,,,,,,,,,,,,,,,,,,,,,,,,
164,50849,"Total Protein, Ascites",Ascites,Chemistry,0.019285384056535234,165,,,,,,,,,,,,,,,,,,,,,,,,,,,,,,,,,,,,,,,,,,,,,,,,,,,,,,
165,51046,"Albumin, Pleural",Pleural,Chemistry,0.01915329238491513,166,,,,,,,,,,,,,,,,,,,,,,,,,,,,,,,,,,,,,,,,,,,,,,,,,,,,,,
166,51501,Transitional Epithelial Cells,Urine,Hematology,0.018757017370054817,167,,,,,,,,,,,,,,,,,,,,,,,,,,,,,,,,,,,,,,,,,,,,,,,,,,,,,,
167,51087,Length of Urine Collection,Urine,Chemistry,0.018624925698434713,168,,,,,,,,,,,,,,,,,,,,,,,,,,,,,,,,,,,,,,,,,,,,,,,,,,,,,,
168,51108,Urine Volume,Urine,Chemistry,0.018624925698434713,169,,,,,,,,,,,,,,,,,,,,,,,,,,,,,,,,,,,,,,,,,,,,,,,,,,,,,,
169,52266,Macrophage,Cerebrospinal Fluid,Hematology,0.018624925698434713,170,,,,,,1.0,1.0,,1.0,1.0,,4.0,,,,,,,,,,,,,,,,,,,,,73.0,78.0,,91.0,68.0,94.0,98.0,,100.0,99.0,70.0,73.0,,82.0,80.0,93.0,40.0,,59.0,60.0,,78.6
170,50965,Parathyroid Hormone,Blood,Chemistry,0.018360742355194505,171,,,,,,,,,,,,,,,,,,,,,,,,,,,,,,,,,,,,,,,,,,,,,,,,,,,,,,
171,51094,pH,Urine,Chemistry,0.0182286506835744,172,,,,,,,,,,,,,,,,,,,,,,,,,,,,,,,,,,,,,,,,,,,,,,,,,,,,,,
172,51795,"Lactate Dehydrogenase, CSF",Cerebrospinal Fluid,Chemistry,0.018030513176144243,173,,,,,,1.0,1.0,1.0,1.0,1.0,,5.0,,,,,,,,,,,,,,,,,,,,,99.0,97.0,98.0,97.0,94.0,89.0,95.0,96.0,96.0,97.0,79.0,83.0,97.0,89.0,84.0,57.0,28.0,28.0,62.0,12.0,,78.8
173,51196,D-Dimer,Blood,Hematology,0.01789842150452414,174,,,,,,,,,,,,,,,,,,,,,,,,,,,,,,,,,,,,,,,,,,,,,,,,,,,,,,
174,50826,Tidal Volume,Blood,Blood Gas,0.017502146489663827,175,,,,,,,,,,,,,,,,,,,,,,,,,,,,,,,,,,,,,,,,,,,,,,,,,,,,,,
175,51428,Macrophage,Other Body Fluid,Hematology,0.017502146489663827,176,,,,,,,,,,,,,,,,,,,,,,,,,,,,,,,,,,,,,,,,,,,,,,,,,,,,,,
176,50819,PEEP,Blood,Blood Gas,0.01723796314642362,177,,,,,,,,,,,,,,,,,,,,,,,,,,,,,,,,,,,,,,,,,,,,,,,,,,,,,,
177,50835,"Albumin, Ascites",Ascites,Chemistry,0.016907733967373356,178,,,,,,,,,,,,,,,,,,,,,,,,,,,,,,,,,,,,,,,,,,,,,,,,,,,,,,
178,51300,WBC Count,Blood,Hematology,0.016841688131563306,179,,,,,,,,,,,,,,,,,,,,,,,,,,,,,,,,,,,,,,,,,,,,,,,,,,,,,,
179,51245,"Lymphocytes, Percent",Blood,Hematology,0.016841688131563306,180,,,,,1.0,,,,,,1.0,,,,,,76.0,,,,,100.0,,,,,86.0,,,,,16.0,,,,,,,,,,,,,,,,,,,,,69.5,
180,51180,"CD4 Cells, Percent",Blood,Hematology,0.016709596459943202,181,,,,,1.0,,,,,,1.0,,,,,,33.0,,,,,94.0,,,,,91.0,,,,,44.0,,,,,,,,,,,,,,,,,,,,,65.5,
181,51181,CD4/CD8 Ratio,Blood,Hematology,0.016709596459943202,182,,,,,1.0,,,,,,1.0,,,,,,84.0,,,,,93.0,,,,,90.0,,,,,25.0,,,,,,,,,,,,,,,,,,,,,73.0,
182,51194,"CD8 Cells, Percent",Blood,Hematology,0.016709596459943202,183,1.0,,,,,,,,,,1.0,,85.0,,,,,89.0,,,,,94.0,,,,,20.0,,,,,,,,,,,,,,,,,,,,,,,,,72.0,
183,52769,Absolute Lymphocyte Count,Blood,Hematology,0.016709596459943202,184,,1.0,,,,,,,,,1.0,,,96.0,,,,,63.0,,,,,65.0,,,,,30.0,,,,,,,,,,,,,,,,,,,,,,,,63.5,
184,51176,"CD3 Cells, Percent",Blood,Hematology,0.016709596459943202,185,,,,,1.0,,,,,,1.0,,,,,,68.0,,,,,82.0,,,,,85.0,,,,,32.0,,,,,,,,,,,,,,,,,,,,,66.8,
185,51132,Absolute CD8 Count,Blood,Hematology,0.016709596459943202,186,,,,,1.0,,,,,,1.0,,,,,,77.0,,,,,91.0,,,,,96.0,,,,,62.0,,,,,,,,,,,,,,,,,,,,,81.5,
186,51130,Absolute CD3 Count,Blood,Hematology,0.016709596459943202,187,1.0,,,,1.0,,,,,,2.0,,74.0,,,,96.0,100.0,,,,80.0,89.0,,,,98.0,57.0,,,,60.0,,,,,,,,,,,,,,,,,,,,,81.8,
187,51131,Absolute CD4 Count,Blood,Hematology,0.016709596459943202,188,1.0,1.0,,,1.0,,,,,,3.0,,82.0,89.0,,,91.0,92.0,74.0,,,92.0,90.0,93.0,,,97.0,47.0,80.0,,,61.0,,,,,,,,,,,,,,,,,,,,,82.3,
188,50881,Beta-2 Microglobulin,Blood,Chemistry,0.016511458952513044,189,,,,,,,,,,,,,,,,,,,,,,,,,,,,,,,,,,,,,,,,,,,,,,,,,,,,,,
189,51067,24 hr Creatinine,Urine,Chemistry,0.016247275609272836,190,,,,,,,,,,,,,,,,,,,,,,,,,,,,,,,,,,,,,,,,,,,,,,,,,,,,,,
190,51921,"proBNP, Pleural",Pleural,Chemistry,0.016049138101842678,191,,,,,,,,,,,,,,,,,,,,,,,,,,,,,,,,,,,,,,,,,,,,,,,,,,,,,,
191,52278,Other,Cerebrospinal Fluid,Hematology,0.015917046430222574,192,,,,,,,,,,,,,,,,,,,,,,,,,,,,,,,,,,,,,,,,,,,,,,,,,,,,,,
192,50864,Alpha-Fetoprotein,Blood,Chemistry,0.015454725579552209,193,,,,,,,,,,,,,,,,,,,,,,,,,,,,,,,,,,,,,,,,,,,,,,,,,,,,,,
193,51448,Mesothelial Cells,Pleural,Hematology,0.015454725579552209,194,,,,,,,,,,,,,,,,,,,,,,,,,,,,,,,,,,,,,,,,,,,,,,,,,,,,,,
194,50994,Thyroxine (T4),Blood,Chemistry,0.014794267221451687,195,,,,,,,,,,,,,,,,,,,,,,,,,,,,,,,,,,,,,,,,,,,,,,,,,,,,,,
195,51123,Other,Ascites,Hematology,0.01459612971402153,196,,,,,,,,,,,,,,,,,,,,,,,,,,,,,,,,,,,,,,,,,,,,,,,,,,,,,,
196,51118,Mesothelial Cell,Ascites,Hematology,0.014067763027541114,197,,,,,,,,,,,,,,,,,,,,,,,,,,,,,,,,,,,,,,,,,,,,,,,,,,,,,,
197,50842,"Glucose, Ascites",Ascites,Chemistry,0.013473350505250644,198,,,,,,,,,,,,,,,,,,,,,,,,,,,,,,,,,,,,,,,,,,,,,,,,,,,,,,
198,51662,HPE6,Blood,Chemistry,0.01274684631134007,199,,,,,,,,,,,,,,,,,,,,,,,,,,,,,,,,,,,,,,,,,,,,,,,,,,,,,,
199,53105,E GENE CT,Other Body Fluid,Chemistry,0.012350571296479757,200,,,,,,,,,,,,,,,,,,,,,,,,,,,,,,,,,,,,,,,,,,,,,,,,,,,,,,
200,53111,N2 GENE CT,Other Body Fluid,Chemistry,0.012350571296479757,201,,,,,,,,,,,,,,,,,,,,,,,,,,,,,,,,,,,,,,,,,,,,,,,,,,,,,,
201,50803,"Calculated Bicarbonate, Whole Blood",Blood,Blood Gas,0.012350571296479757,202,,,,,,,,,,,,,,,,,,,,,,,,,,,,,,,,,,,,,,,,,,,,,,,,,,,,,,
202,53112,N2 GENE ENDPT,Other Body Fluid,Chemistry,0.012350571296479757,203,,,,,,,,,,,,,,,,,,,,,,,,,,,,,,,,,,,,,,,,,,,,,,,,,,,,,,
203,53106,E GENE ENDPT,Other Body Fluid,Chemistry,0.012350571296479757,204,,,,,,,,,,,,,,,,,,,,,,,,,,,,,,,,,,,,,,,,,,,,,,,,,,,,,,
204,50815,O2 Flow,Blood,Blood Gas,0.011954296281619444,205,,,,,,,,,,,,,,,,,,,,,,,,,,,,,,,,,,,,,,,,,,,,,,,,,,,,,,
205,52005,UTX2,Urine,Chemistry,0.01182220460999934,206,,,,,,,,,,,,,,,,,,,,,,,,,,,,,,,,,,,,,,,,,,,,,,,,,,,,,,
206,52007,UTX4,Urine,Chemistry,0.01182220460999934,207,,,,,,,,,,,,,,,,,,,,,,,,,,,,,,,,,,,,,,,,,,,,,,,,,,,,,,
207,52008,UTX5,Urine,Chemistry,0.011756158774189287,208,,,,,,,,,,,,,,,,,,,,,,,,,,,,,,,,,,,,,,,,,,,,,,,,,,,,,,
208,51587,CMV IgG Ab Value,Blood,Chemistry,0.011690112938379234,209,,,,,,,,,,,,,,,,,,,,,,,,,,,,,,,,,,,,,,,,,,,,,,,,,,,,,,
209,52004,UTX1,Urine,Chemistry,0.01155802126675913,210,,,,,,,,,,,,,,,,,,,,,,,,,,,,,,,,,,,,,,,,,,,,,,,,,,,,,,
210,50843,"Lactate Dehydrogenase, Ascites",Ascites,Chemistry,0.01155802126675913,211,,,,,,,,,,,,,,,,,,,,,,,,,,,,,,,,,,,,,,,,,,,,,,,,,,,,,,
211,51229,"Heparin, LMW",Blood,Hematology,0.011425929595139026,212,,,,,,,,,,,,,,,,,,,,,,,,,,,,,,,,,,,,,,,,,,,,,,,,,,,,,,
212,52010,UTX7,Urine,Chemistry,0.011359883759328974,213,,,,,,,,,,,,,,,,,,,,,,,,,,,,,,,,,,,,,,,,,,,,,,,,,,,,,,
213,51434,Other Cell,Other Body Fluid,Hematology,0.011293837923518922,214,,,,,,,,,,,,,,,,,,,,,,,,,,,,,,,,,,,,,,,,,,,,,,,,,,,,,,
214,52009,UTX6,Urine,Chemistry,0.011029654580278714,215,,,,,,,,,,,,,,,,,,,,,,,,,,,,,,,,,,,,,,,,,,,,,,,,,,,,,,
215,52006,UTX3,Urine,Chemistry,0.011029654580278714,216,,,,,,,,,,,,,,,,,,,,,,,,,,,,,,,,,,,,,,,,,,,,,,,,,,,,,,
216,51070,"Albumin/Creatinine, Urine",Urine,Chemistry,0.010831517072848558,217,,,,,,,,,,,,,,,,,,,,,,,,,,,,,,,,,,,,,,,,,,,,,,,,,,,,,,
217,53174,COV8MC,Other Body Fluid,Chemistry,0.010765471237038506,218,,,,,,,,,1.0,,,1.0,,,,,,,,,,,,,,,,,,,,,,,,84.0,,,,,92.0,,,,,100.0,,,,,65.0,,,85.2
218,53173,COV8IC,Other Body Fluid,Chemistry,0.010699425401228452,219,,,,,,,,,,,,,,,,,,,,,,,,,,,,,,,,,,,,,,,,,,,,,,,,,,,,,,
219,51095,"Phosphate, Urine",Urine,Chemistry,0.0106333795654184,220,,,,,,,,,,,,,,,,,,,,,,,,,,,,,,,,,,,,,,,,,,,,,,,,,,,,,,
220,51660,HPE4,Blood,Chemistry,0.010567333729608348,221,,,,,,,,,,,,,,,,,,,,,,,,,,,,,,,,,,,,,,,,,,,,,,,,,,,,,,
221,51069,"Albumin, Urine",Urine,Chemistry,0.010501287893798296,222,,,,,,,,,,,,,,,,,,,,,,,,,,,,,,,,,,,,,,,,,,,,,,,,,,,,,,
222,50801,Alveolar-arterial Gradient,Blood,Blood Gas,0.010105012878937983,223,,,,,,,,,,,,,,,,,,,,,,,,,,,,,,,,,,,,,,,,,,,,,,,,,,,,,,
223,50823,Required O2,Blood,Blood Gas,0.010105012878937983,224,,,,,,,,,,,,,,,,,,,,,,,,,,,,,,,,,,,,,,,,,,,,,,,,,,,,,,
224,50892,CA-125,Blood,Chemistry,0.010038967043127931,225,,,,,,,,,,,,,,,,,,,,,,,,,,,,,,,,,,,,,,,,,,,,,,,,,,,,,,
225,51617,Epstein-Barr Virus IgM Ab Value,Blood,Chemistry,0.009972921207317879,226,,,,,,,,,,,,,,,,,,,,,,,,,,,,,,,,,,,,,,,,,,,,,,,,,,,,,,
226,52024,"Creatinine, Whole Blood",Blood,Blood Gas,0.009972921207317879,227,,,,,,,,,,,,,,,,,,,,,,,,,,,,,,,,,,,,,,,,,,,,,,,,,,,,,,
227,51615,Epstein-Barr Virus EBNA IgG Ab,Blood,Chemistry,0.009708737864077669,228,,,,,,,,,,,,,,,,,,,,,,,,,,,,,,,,,,,,,,,,,,,,,,,,,,,,,,
228,51001,Triiodothyronine (T3),Blood,Chemistry,0.00944455452083746,229,,,,,,,,,,,,,,,,,,,,,,,,,,,,,,,,,,,,,,,,,,,,,,,,,,,,,,
229,51060,"Triglycerides, Pleural",Pleural,Chemistry,0.0091143253417872,230,,,,,,,,,,,,,,,,,,,,,,,,,,,,,,,,,,,,,,,,,,,,,,,,,,,,,,
230,51616,Epstein-Barr Virus IgG Ab Value,Blood,Chemistry,0.009048279505977148,231,,,,,,,,,,,,,,,,,,,,,,,,,,,,,,,,,,,,,,,,,,,,,,,,,,,,,,
231,51749,Treponema pallidum (syphilis) value,Blood,Chemistry,0.008916187834357044,232,,,,,,,,,,,,,,,,,,,,,,,,,,,,,,,,,,,,,,,,,,,,,,,,,,,,,,
232,50866,Ammonia,Blood,Chemistry,0.008916187834357044,233,,,,,,,,,,,,,,,,,,,,,,,,,,,,,,,,,,,,,,,,,,,,,,,,,,,,,,
233,51737,STX6,Blood,Chemistry,0.008850141998546992,234,,,,,,,,,,,,,,,,,,,,,,,,,,,,,,,,,,,,,,,,,,,,,,,,,,,,,,
234,50915,D-Dimer,Blood,Chemistry,0.008850141998546992,235,,,,,,,,,,,,,,,,,,,,,,,,,,,,,,,,,,,,,,,,,,,,,,,,,,,,,,
235,50914,Cyclosporin,Blood,Chemistry,0.00851991281949673,236,,,,,,,,,,,,,,,,,,,,,,,,,,,,,,,,,,,,,,,,,,,,,,,,,,,,,,
236,50891,C4,Blood,Chemistry,0.008255729476256522,237,,,,,,,,,,,,,,,,,,,,,,,,,,,,,,,,,,,,,,,,,,,,,,,,,,,,,,
237,51077,"Calcium, Urine",Urine,Chemistry,0.00818968364044647,238,,,,,,,,,,,,,,,,,,,,,,,,,,,,,,,,,,,,,,,,,,,,,,,,,,,,,,
238,50974,Prostate Specific Antigen,Blood,Chemistry,0.00818968364044647,239,,,,,,,,,,,,,,,,,,,,,,,,,,,,,,,,,,,,,,,,,,,,,,,,,,,,,,
239,50890,C3,Blood,Chemistry,0.008057591968826366,240,,,,,,,,,,,,,,,,,,,,,,,,,,,,,,,,,,,,,,,,,,,,,,,,,,,,,,
240,51689,Lyme G and M Value,Blood,Chemistry,0.008057591968826366,241,,,,,,,,,,,,,,,,,,,,,,,,,,,,,,,,,,,,,,,,,,,,,,,,,,,,,,
241,51276,Quantitative G6PD,Blood,Hematology,0.007991546133016314,242,,,,,,,,,,,,,,,,,,,,,,,,,,,,,,,,,,,,,,,,,,,,,,,,,,,,,,
242,51080,Creatinine Clearance,Urine,Chemistry,0.007463179446535896,243,,,,,,,,,,,,,,,,,,,,,,,,,,,,,,,,,,,,,,,,,,,,,,,,,,,,,,
243,51101,Total Collection Time,Urine,Chemistry,0.007463179446535896,244,,,,,,,,,,,,,,,,,,,,,,,,,,,,,,,,,,,,,,,,,,,,,,,,,,,,,,
244,51109,"Urine Volume, Total",Urine,Chemistry,0.007463179446535896,245,,,,,,,,,,,,,,,,,,,,,,,,,,,,,,,,,,,,,,,,,,,,,,,,,,,,,,
245,51081,"Creatinine, Serum",Urine,Chemistry,0.007463179446535896,246,,,,,,,,,,,,,,,,,,,,,,,,,,,,,,,,,,,,,,,,,,,,,,,,,,,,,,
246,51106,Urine Creatinine,Urine,Chemistry,0.007463179446535896,247,,,,,,,,,,,,,,,,,,,,,,,,,,,,,,,,,,,,,,,,,,,,,,,,,,,,,,
247,53094,HBV VL CT,Blood,Chemistry,0.007132950267485635,248,,,,,,,,,,,,,,,,,,,,,,,,,,,,,,,,,,,,,,,,,,,,,,,,,,,,,,
248,51105,"Uric Acid, Urine",Urine,Chemistry,0.007066904431675583,249,,,,,,,,,,,,,,,,,,,,,,,,,,,,,,,,,,,,,,,,,,,,,,,,,,,,,,
249,51444,Eosinophils,Pleural,Hematology,0.007066904431675583,250,,,,,,,,,,,,,,,,,,,,,,,,,,,,,,,,,,,,,,,,,,,,,,,,,,,,,,
250,51218,Granulocyte Count,Blood,Hematology,0.007066904431675583,251,,,,,,,,,,,,,,,,,,,,,,,,,,,,,,,,,,,,,,,,,,,,,,,,,,,,,,
251,51206,Factor VIII,Blood,Hematology,0.006868766924245426,252,,,,,,,,,,,,,,,,,,,,,,,,,,,,,,,,,,,,,,,,,,,,,,,,,,,,,,
252,51232,Hypersegmented Neutrophils,Blood,Hematology,0.006868766924245426,253,,,,,,,,,,,,,,,,,,,,,,,,,,,,,,,,,,,,,,,,,,,,,,,,,,,,,,
253,50841,"Creatinine, Ascites",Ascites,Chemistry,0.006868766924245426,254,,,,,,,,,,,,,,,,,,,,,,,,,,,,,,,,,,,,,,,,,,,,,,,,,,,,,,
254,51088,"Magnesium, Urine",Urine,Chemistry,0.006736675252625322,255,,,,,,,,,,,,,,,,,,,,,,,,,,,,,,,,,,,,,,,,,,,,,,,,,,,,,,
255,51047,"Amylase, Pleural",Pleural,Chemistry,0.006736675252625322,256,,,,,,,,,,,,,,,,,,,,,,,,,,,,,,,,,,,,,,,,,,,,,,,,,,,,,,
256,52358,Lining Cell,Other Body Fluid,Hematology,0.006736675252625322,257,,,,,,,,,,,,,,,,,,,,,,,,,,,,,,,,,,,,,,,,,,,,,,,,,,,,,,
257,51579,CA 19-9,Blood,Chemistry,0.006472491909385114,258,,,,,,,,,,,,,,,,,,,,,,,,,,,,,,,,,,,,,,,,,,,,,,,,,,,,,,
258,50836,"Amylase, Ascites",Ascites,Chemistry,0.0064064460735750615,259,,,,,,,,,,,,,,,,,,,,,,,,,,,,,,,,,,,,,,,,,,,,,,,,,,,,,,
259,51068,24 hr Protein,Urine,Chemistry,0.0064064460735750615,260,,,,,,,,,,,,,,,,,,,,,,,,,,,,,,,,,,,,,,,,,,,,,,,,,,,,,,
260,51052,"Creatinine, Pleural",Pleural,Chemistry,0.0062743544019549565,261,,,,,,,,,,,,,,,,,,,,,,,,,,,,,,,,,,,,,,,,,,,,,,,,,,,,,,
261,50838,"Bilirubin, Total, Ascites",Ascites,Chemistry,0.0062083085661449045,262,,,,,,,,,,,,,,,,,,,,,,,,,,,,,,,,,,,,,,,,,,,,,,,,,,,,,,
262,53169,Ceph-IC,Other Body Fluid,Chemistry,0.0060762168945248,263,,,,,,,,,,,,,,,,,,,,,,,,,,,,,,,,,,,,,,,,,,,,,,,,,,,,,,
263,51228,Heparin,Blood,Hematology,0.005481804372234331,264,,,,,,,,,,,,,,,,,,,,,,,,,,,,,,,,,,,,,,,,,,,,,,,,,,,,,,
264,50908,CK-MB Index,Blood,Chemistry,0.005415758536424279,265,,,,,,,,,,,,,,,,,,,,,,,,,,,,,,,,,,,,,,,,,,,,,,,,,,,,,,
265,51742,Toxoplasma IgG Ab Value,Blood,Chemistry,0.005085529357374018,266,,,,,,,,,,,,,,,,,,,,,,,,,,,,,,,,,,,,,,,,,,,,,,,,,,,,,,
266,51419,Eosinophils,Other Body Fluid,Hematology,0.0050194835215639656,267,,,,,,,,,,,,,,,,,,,,,,,,,,,,,,,,,,,,,,,,,,,,,,,,,,,,,,
267,50996,"Tissue Transglutaminase Ab, IgA",Blood,Chemistry,0.0049534376857539135,268,,,,,,,,,,,,,,,,,,,,,,,,,,,,,,,,,,,,,,,,,,,,,,,,,,,,,,
268,51382,Polys,Joint Fluid,Hematology,0.004887391849943861,269,,,,,,,,,,,,,,,,,,,,,,,,,,,,,,,,,,,,,,,,,,,,,,,,,,,,,,
269,52312,"Total Nucleated Cells, Joint",Joint Fluid,Hematology,0.004887391849943861,270,,,,,,,,,,,,,,,,,,,,,,,,,,,,,,,,,,,,,,,,,,,,,,,,,,,,,,
270,51375,Lymphocytes,Joint Fluid,Hematology,0.004887391849943861,271,,,,,,,,,,,,,,,,,,,,,,,,,,,,,,,,,,,,,,,,,,,,,,,,,,,,,,
271,51379,Monocytes,Joint Fluid,Hematology,0.004887391849943861,272,,,,,,,,,,,,,,,,,,,,,,,,,,,,,,,,,,,,,,,,,,,,,,,,,,,,,,
272,51661,HPE5,Blood,Chemistry,0.004689254342513704,273,,,,,,,,,,,,,,,,,,,,,,,,,,,,,,,,,,,,,,,,,,,,,,,,,,,,,,
273,51383,"RBC, Joint Fluid",Joint Fluid,Hematology,0.004689254342513704,274,,,,,,,,,,,,,,,,,,,,,,,,,,,,,,,,,,,,,,,,,,,,,,,,,,,,,,
274,51008,Valproic Acid,Blood,Chemistry,0.004425070999273496,275,,,,,,,,,,,,,,,,,,,,,,,,,,,,,,,,,,,,,,,,,,,,,,,,,,,,,,
275,52221,Atypical Lymphocytes,Cerebrospinal Fluid,Hematology,0.004359025163463444,276,,,,,,,,,,,,,,,,,,,,,,,,,,,,,,,,,,,,,,,,,,,,,,,,,,,,,,
276,51205,Factor VII,Blood,Hematology,0.004359025163463444,277,,,,,,,,,,,,,,,,,,,,,,,,,,,,,,,,,,,,,,,,,,,,,,,,,,,,,,
277,52256,Eosinophils,Cerebrospinal Fluid,Hematology,0.004292979327653391,278,,,,,,,,,,,,,,,,,,,,,,,,,,,,,,,,,,,,,,,,,,,,,,,,,,,,,,
278,51289,Serum Viscosity,Blood,Hematology,0.004292979327653391,279,,,,,,,,,,,,,,,,,,,,,,,,,,,,,,,,,,,,,,,,,,,,,,,,,,,,,,
279,51076,"Bicarbonate, Urine",Urine,Chemistry,0.004160887656033287,280,,,,,,,,,,,,,,,,,,,,,,,,,,,,,,,,,,,,,,,,,,,,,,,,,,,,,,
280,53098,COV11,Other Body Fluid,Chemistry,0.004094841820223235,281,,,,,,,,,,,,,,,,,,,,,,,,,,,,,,,,,,,,,,,,,,,,,,,,,,,,,,
281,53097,COV10,Other Body Fluid,Chemistry,0.004094841820223235,282,,,,,,,,,,,,,,,,,,,,,,,,,,,,,,,,,,,,,,,,,,,,,,,,,,,,,,
282,51297,Thrombin,Blood,Hematology,0.004028795984413183,283,,,,,,,,,,,,,,,,,,,,,,,,,,,,,,,,,,,,,,,,,,,,,,,,,,,,,,
283,50917,Digoxin,Blood,Chemistry,0.0038967043127930783,284,,,,,,,,,,,,,,,,,,,,,,,,,,,,,,,,,,,,,,,,,,,,,,,,,,,,,,
284,53170,CephIC Endpt,Other Body Fluid,Chemistry,0.0038306584769830262,285,,,,,,,,,,,,,,,,,,,,,,,,,,,,,,,,,,,,,,,,,,,,,,,,,,,,,,
285,50906,"Cholesterol, LDL, Measured",Blood,Chemistry,0.0036985668053629217,286,,,,,,,,,,,,,,,,,,,,,,,,,,,,,,,,,,,,,,,,,,,,,,,,,,,,,,
286,51598,Cytomegalovirus Viral Load,Blood,Chemistry,0.0036985668053629217,287,,,,,,,,,,,,,,,,,,,,,,,,,,,,,,,,,,,,,,,,,,,,,,,,,,,,,,
287,51140,Antithrombin,Blood,Hematology,0.0036985668053629217,288,,,,,,,,,,,,,,,,,,,,,,,,,,,,,,,,,,,,,,,,,,,,,,,,,,,,,,
288,51429,Mesothelial cells,Other Body Fluid,Hematology,0.0036985668053629217,289,,,,,,,,,,,,,,,,,,,,,,,,,,,,,,,,,,,,,,,,,,,,,,,,,,,,,,
289,50980,Rheumatoid Factor,Blood,Chemistry,0.0036325209695528696,290,,,,,,,,,,,,,,,,,,,,,,,,,,,,,,,,,,,,,,,,,,,,,,,,,,,,,,
290,51288,Sedimentation Rate,Blood,Hematology,0.0036325209695528696,291,,,,,,,,,,,,,,,,,,,,,,,,,,,,,,,,,,,,,,,,,,,,,,,,,,,,,,
291,51114,Eosinophils,Ascites,Hematology,0.0035664751337428175,292,,,,,,,,,,,,,,,,,,,,,,,,,,,,,,,,,,,,,,,,,,,,,,,,,,,,,,
292,52369,"Total Nucleated Cells, Other",Other Body Fluid,Hematology,0.003368337626312661,293,,,,,,,,,,,,,,,,,,,,,,,,,,,,,,,,,,,,,,,,,,,,,,,,,,,,,,
293,50973,Prolactin,Blood,Chemistry,0.003368337626312661,294,,,,,,,,,,,,,,,,,,,,,,,,,,,,,,,,,,,,,,,,,,,,,,,,,,,,,,
294,51744,Toxoplasma IgM Ab Value,Blood,Chemistry,0.003236245954692557,295,,,,,,,,,,,,,,,,,,,,,,,,,,,,,,,,,,,,,,,,,,,,,,,,,,,,,,
295,51442,Basophils,Pleural,Hematology,0.003236245954692557,296,,,,,,,,,,,,,,,,,,,,,,,,,,,,,,,,,,,,,,,,,,,,,,,,,,,,,,
296,50814,Methemoglobin,Blood,Blood Gas,0.0031702001188825043,297,,,,,,,,,,,,,,,,,,,,,,,,,,,,,,,,,,,,,,,,,,,,,,,,,,,,,,
297,50946,Human Chorionic Gonadotropin,Blood,Chemistry,0.0031702001188825043,298,,,,,,,,,,,,,,,,,,,,,,,,,,,,,,,,,,,,,,,,,,,,,,,,,,,,,,
298,53099,COV12,Other Body Fluid,Chemistry,0.0031041542830724522,299,,,,,,,,,,,,,,,,,,,,,,,,,,,,,,,,,,,,,,,,,,,,,,,,,,,,,,
299,52223,Bands,Cerebrospinal Fluid,Hematology,0.0031041542830724522,300,,,,,,,,,,,,,,,,,,,,,,,,,,,,,,,,,,,,,,,,,,,,,,,,,,,,,,
300,53100,COV13,Other Body Fluid,Chemistry,0.0031041542830724522,301,,,,,,,,,,,,,,,,,,,,,,,,,,,,,,,,,,,,,,,,,,,,,,,,,,,,,,
301,51124,Plasma,Ascites,Hematology,0.0031041542830724522,302,,,,,,,,,,,,,,,,,,,,,,,,,,,,,,,,,,,,,,,,,,,,,,,,,,,,,,
302,53107,FLUA1,Other Body Fluid,Chemistry,0.0030381084472624,303,,,,,,,,,,,,,,,,,,,,,,,,,,,,,,,,,,,,,,,,,,,,,,,,,,,,,,
303,53108,FLUA2,Other Body Fluid,Chemistry,0.0030381084472624,304,,,,,,,,,,,,,,,,,,,,,,,,,,,,,,,,,,,,,,,,,,,,,,,,,,,,,,
304,53109,FLUB1,Other Body Fluid,Chemistry,0.0030381084472624,305,,,,,,,,,,,,,,,,,,,,,,,,,,,,,,,,,,,,,,,,,,,,,,,,,,,,,,
305,53115,RSV2,Other Body Fluid,Chemistry,0.0030381084472624,306,,,,,,,,,,,,,,,,,,,,,,,,,,,,,,,,,,,,,,,,,,,,,,,,,,,,,,
306,53114,RSV1,Other Body Fluid,Chemistry,0.0030381084472624,307,,,,,,,,,,,,,,,,,,,,,,,,,,,,,,,,,,,,,,,,,,,,,,,,,,,,,,
307,53110,FLUB2,Other Body Fluid,Chemistry,0.0030381084472624,308,,,,,,,,,,,,,,,,,,,,,,,,,,,,,,,,,,,,,,,,,,,,,,,,,,,,,,
308,51734,STX3,Blood,Chemistry,0.002972062611452348,309,,,,,,,,,,,,,,,,,,,,,,,,,,,,,,,,,,,,,,,,,,,,,,,,,,,,,,
309,51284,"Reticulocyte Count, Manual",Blood,Hematology,0.002972062611452348,310,,,,,,,,,,,,,,,,,,,,,,,,,,,,,,,,,,,,,,,,,,,,,,,,,,,,,,
310,51166,CD19 Absolute Count,Blood,Hematology,0.0029060167756422956,311,,,,,,,,,,,,,,,,,,,,,,,,,,,,,,,,,,,,,,,,,,,,,,,,,,,,,,
311,51165,CD19 %,Blood,Hematology,0.0029060167756422956,312,,,,,,,,,,,,,,,,,,,,,,,,,,,,,,,,,,,,,,,,,,,,,,,,,,,,,,
312,51170,CD20 Absolute Count,Blood,Hematology,0.0029060167756422956,313,,,,,,,,,,,,,,,,,,,,,,,,,,,,,,,,,,,,,,,,,,,,,,,,,,,,,,
313,51169,CD20 %,Blood,Hematology,0.0029060167756422956,314,,,,,,,,,,,,,,,,,,,,,,,,,,,,,,,,,,,,,,,,,,,,,,,,,,,,,,
314,51454,Plasma Cells,Pleural,Hematology,0.0029060167756422956,315,,,,,,,,,,,,,,,,,,,,,,,,,,,,,,,,,,,,,,,,,,,,,,,,,,,,,,
315,51204,Factor V,Blood,Hematology,0.0028399709398322435,316,,,,,,,,,,,,,,,,,,,,,,,,,,,,,,,,,,,,,,,,,,,,,,,,,,,,,,
316,51754,VZV IgG Ab Value,Blood,Chemistry,0.0027739251040221915,317,,,,,,,,,,,,,,,,,,,,,,,,,,,,,,,,,,,,,,,,,,,,,,,,,,,,,,
317,51043,"Total Protein, Body Fluid",Other Body Fluid,Chemistry,0.0027739251040221915,318,,,,,,,,,,,,,,,,,,,,,,,,,,,,,,,,,,,,,,,,,,,,,,,,,,,,,,
318,51376,Macrophage,Joint Fluid,Hematology,0.0027078792682121394,319,,,,,,,,,,,,,,,,,,,,,,,,,,,,,,,,,,,,,,,,,,,,,,,,,,,,,,
319,51034,"Glucose, Body Fluid",Other Body Fluid,Chemistry,0.0027078792682121394,320,,,,,,,,,,,,,,,,,,,,,,,,,,,,,,,,,,,,,,,,,,,,,,,,,,,,,,
320,50805,Carboxyhemoglobin,Blood,Blood Gas,0.0027078792682121394,321,,,,,,,,,,,,,,,,,,,,,,,,,,,,,,,,,,,,,,,,,,,,,,,,,,,,,,
321,51035,"LD, Body Fluid",Other Body Fluid,Chemistry,0.002641833432402087,322,,,,,,,,,,,,,,,,,,,,,,,,,,,,,,,,,,,,,,,,,,,,,,,,,,,,,,
322,51025,"Albumin, Body Fluid",Other Body Fluid,Chemistry,0.002641833432402087,323,,,,,,,,,,,,,,,,,,,,,,,,,,,,,,,,,,,,,,,,,,,,,,,,,,,,,,
323,51445,"Hematocrit, Pleural",Pleural,Hematology,0.002641833432402087,324,,,,,,,,,,,,,,,,,,,,,,,,,,,,,,,,,,,,,,,,,,,,,,,,,,,,,,
324,50967,Phenytoin,Blood,Chemistry,0.002641833432402087,325,,,,,,,,,,,,,,,,,,,,,,,,,,,,,,,,,,,,,,,,,,,,,,,,,,,,,,
325,52018,PAN1,Urine,Chemistry,0.002575787596592035,326,,,,,,,,,,,,,,,,,,,,,,,,,,,,,,,,,,,,,,,,,,,,,,,,,,,,,,
326,50978,Rapamycin,Blood,Chemistry,0.0025097417607819828,327,,,,,,,,,,,,,,,,,,,,,,,,,,,,,,,,,,,,,,,,,,,,,,,,,,,,,,
327,51298,Von Willebrand Factor Activity,Blood,Hematology,0.0023776500891618782,328,,,,,,,,,,,,,,,,,,,,,,,,,,,,,,,,,,,,,,,,,,,,,,,,,,,,,,
328,51438,"RBC, Other Fluid",Other Body Fluid,Hematology,0.0023776500891618782,329,,,,,,,,,,,,,,,,,,,,,,,,,,,,,,,,,,,,,,,,,,,,,,,,,,,,,,
329,51735,STX4,Blood,Chemistry,0.0023776500891618782,330,,,,,,,,,,,,,,,,,,,,,,,,,,,,,,,,,,,,,,,,,,,,,,,,,,,,,,
330,51299,Von Willebrand Factor Antigen,Blood,Hematology,0.002311604253351826,331,,,,,,,,,,,,,,,,,,,,,,,,,,,,,,,,,,,,,,,,,,,,,,,,,,,,,,
331,51736,STX5,Blood,Chemistry,0.002311604253351826,332,,,,,,,,,,,,,,,,,,,,,,,,,,,,,,,,,,,,,,,,,,,,,,,,,,,,,,
332,52225,Basophils,Cerebrospinal Fluid,Hematology,0.002311604253351826,333,,,,,,,,,,,,,,,,,,,,,,,,,,,,,,,,,,,,,,,,,,,,,,,,,,,,,,
333,50997,Tobramycin,Blood,Chemistry,0.002311604253351826,334,,,,,,,,,,,,,,,,,,,,,,,,,,,,,,,,,,,,,,,,,,,,,,,,,,,,,,
334,53172,COV12MC,Other Body Fluid,Chemistry,0.002245558417541774,335,,,,,,,,,,,,,,,,,,,,,,,,,,,,,,,,,,,,,,,,,,,,,,,,,,,,,,
335,53171,COV12IC,Other Body Fluid,Chemistry,0.002245558417541774,336,,,,,,,,,,,,,,,,,,,,,,,,,,,,,,,,,,,,,,,,,,,,,,,,,,,,,,
336,51112,Basophils,Ascites,Hematology,0.002179512581731722,337,,,,,,,,,,,,,,,,,,,,,,,,,,,,,,,,,,,,,,,,,,,,,,,,,,,,,,
337,53180,Estimated GFR (CKD- EPI 2021),Blood,Blood Gas,0.0021134667459216695,338,,,,,,,,,,,,,,,,,,,,,,,,,,,,,,,,,,,,,,,,,,,,,,,,,,,,,,
338,52276,NRBC,Cerebrospinal Fluid,Hematology,0.0020474209101116175,339,,,,,,,,,,,,,,,,,,,,,,,,,,,,,,,,,,,,,,,,,,,,,,,,,,,,,,
339,50898,Cancer Antigen 27.29,Blood,Chemistry,0.0020474209101116175,340,,,,,,,,,,,,,,,,,,,,,,,,,,,,,,,,,,,,,,,,,,,,,,,,,,,,,,
340,52109,dRVVT - Screen,Blood,Hematology,0.0019153292384915131,341,,,,,,,,,,,,,,,,,,,,,,,,,,,,,,,,,,,,,,,,,,,,,,,,,,,,,,
341,52263,Lining Cell,Cerebrospinal Fluid,Hematology,0.0018492834026814608,342,,,,,,,,,,,,,,,,,,,,,,,,,,,,,,,,,,,,,,,,,,,,,,,,,,,,,,
342,51648,Hepatitis B Viral Load,Blood,Chemistry,0.0018492834026814608,343,,,,,,,,,,,,,,,,,,,,,,,,,,,,,,,,,,,,,,,,,,,,,,,,,,,,,,
343,50895,Calculated TBG,Blood,Chemistry,0.0017832375668714088,344,,,,,,,,,,,,,,,,,,,,,,,,,,,,,,,,,,,,,,,,,,,,,,,,,,,,,,
344,50896,Calculated Thyroxine (T4) Index,Blood,Chemistry,0.0017832375668714088,345,,,,,,,,,,,,,,,,,,,,,,,,,,,,,,,,,,,,,,,,,,,,,,,,,,,,,,
345,51005,Uptake Ratio,Blood,Chemistry,0.0017832375668714088,346,,,,,,,,,,,,,,,,,,,,,,,,,,,,,,,,,,,,,,,,,,,,,,,,,,,,,,
346,51471,Cellular Cast,Urine,Hematology,0.0017171917310613565,347,,,,,,,,,,,,,,,,,,,,,,,,,,,,,,,,,,,,,,,,,,,,,,,,,,,,,,
347,51567,Beta Hydroxybutyrate,Blood,Chemistry,0.0017171917310613565,348,,,,,,,,,,,,,,,,,,,,,,,,,,,,,,,,,,,,,,,,,,,,,,,,,,,,,,
348,52020,UTX10,Urine,Chemistry,0.0017171917310613565,349,,,,,,,,,,,,,,,,,,,,,,,,,,,,,,,,,,,,,,,,,,,,,,,,,,,,,,
349,52227,Blasts,Cerebrospinal Fluid,Hematology,0.0017171917310613565,350,,,,,,,,,,,,,,,,,,,,,,,,,,,,,,,,,,,,,,,,,,,,,,,,,,,,,,
350,51764,EE7,Blood,Chemistry,0.0016511458952513044,351,,,,,,,,,,,,,,,,,,,,,,,,,,,,,,,,,,,,,,,,,,,,,,,,,,,,,,
351,51208,Factor X,Blood,Hematology,0.0016511458952513044,352,,,,,,,,,,,,,,,,,,,,,,,,,,,,,,,,,,,,,,,,,,,,,,,,,,,,,,
352,51762,EE1,Blood,Chemistry,0.0016511458952513044,353,,,,,,,,,,,,,,,,,,,,,,,,,,,,,,,,,,,,,,,,,,,,,,,,,,,,,,
353,51440,Atypical Lymphocytes,Pleural,Hematology,0.0015851000594412521,354,,,,,,,,,,,,,,,,,,,,,,,,,,,,,,,,,,,,,,,,,,,,,,,,,,,,,,
354,51768,EE6,Blood,Chemistry,0.0015851000594412521,355,,,,,,,,,,,,,,,,,,,,,,,,,,,,,,,,,,,,,,,,,,,,,,,,,,,,,,
355,50988,Testosterone,Blood,Chemistry,0.0015851000594412521,356,,,,,,,,,,,,,,,,,,,,,,,,,,,,,,,,,,,,,,,,,,,,,,,,,,,,,,
356,51387,Basophils,Other Body Fluid,Hematology,0.0015190542236312,357,,,,,,,,,,,,,,,,,,,,,,,,,,,,,,,,,,,,,,,,,,,,,,,,,,,,,,
357,51763,EE2,Blood,Chemistry,0.0015190542236312,358,,,,,,,,,,,,,,,,,,,,,,,,,,,,,,,,,,,,,,,,,,,,,,,,,,,,,,
358,50926,Follicle Stimulating Hormone,Blood,Chemistry,0.0015190542236312,359,,,,,,,,,,,,,,,,,,,,,,,,,,,,,,,,,,,,,,,,,,,,,,,,,,,,,,
359,51202,Factor II,Blood,Hematology,0.0015190542236312,360,,,,,,,,,,,,,,,,,,,,,,,,,,,,,,,,,,,,,,,,,,,,,,,,,,,,,,
360,51224,Hemoglobin C,Blood,Hematology,0.0014530083878211478,361,,,,,,,,,,,,,,,,,,,,,,,,,,,,,,,,,,,,,,,,,,,,,,,,,,,,,,
361,51226,Hemogloblin A,Blood,Hematology,0.0014530083878211478,362,,,,,,,,,,,,,,,,,,,,,,,,,,,,,,,,,,,,,,,,,,,,,,,,,,,,,,
362,51227,Hemogloblin S,Blood,Hematology,0.0014530083878211478,363,,,,,,,,,,,,,,,,,,,,,,,,,,,,,,,,,,,,,,,,,,,,,,,,,,,,,,
363,52179,SCT - Screen,Blood,Hematology,0.0013869625520110957,364,,,,,,,,,,,,,,,,,,,,,,,,,,,,,,,,,,,,,,,,,,,,,,,,,,,,,,
364,52132,HIT-Ab Numerical Result,Blood,Hematology,0.0013869625520110957,365,,,,,,,,,,,,,,,,,,,,,,,,,,,,,,,,,,,,,,,,,,,,,,,,,,,,,,
365,51406,CD34,Other Body Fluid,Hematology,0.0013869625520110957,366,,,,,,,,,,,,,,,,,,,,,,,,,,,,,,,,,,,,,,,,,,,,,,,,,,,,,,
366,51223,Hemoglobin A2,Blood,Hematology,0.0013209167162010435,367,,,,,,,,,,,,,,,,,,,,,,,,,,,,,,,,,,,,,,,,,,,,,,,,,,,,,,
367,50929,Gentamicin,Blood,Chemistry,0.0013209167162010435,368,,,,,,,,,,,,,,,,,,,,,,,,,,,,,,,,,,,,,,,,,,,,,,,,,,,,,,
368,51225,Hemoglobin F,Blood,Hematology,0.0013209167162010435,369,,,,,,,,,,,,,,,,,,,,,,,,,,,,,,,,,,,,,,,,,,,,,,,,,,,,,,
369,51422,"Hematocrit, Other Fluid",Other Body Fluid,Hematology,0.0013209167162010435,370,,,,,,,,,,,,,,,,,,,,,,,,,,,,,,,,,,,,,,,,,,,,,,,,,,,,,,
370,52279,Plasma,Cerebrospinal Fluid,Hematology,0.0012548708803909914,371,,,,,,,,,,,,,,,,,,,,,,,,,,,,,,,,,,,,,,,,,,,,,,,,,,,,,,
371,52270,Metamyelocytes,Cerebrospinal Fluid,Hematology,0.0012548708803909914,372,,,,,,,,,,,,,,,,,,,,,,,,,,,,,,,,,,,,,,,,,,,,,,,,,,,,,,
372,50958,Luteinizing Hormone,Blood,Chemistry,0.0012548708803909914,373,,,,,,,,,,,,,,,,,,,,,,,,,,,,,,,,,,,,,,,,,,,,,,,,,,,,,,
373,51435,Plasma,Other Body Fluid,Hematology,0.0011888250445809391,374,,,,,,,,,,,,,,,,,,,,,,,,,,,,,,,,,,,,,,,,,,,,,,,,,,,,,,
374,51517,WBC Casts,Urine,Hematology,0.0011888250445809391,375,,,,,,,,,,,,,,,,,,,,,,,,,,,,,,,,,,,,,,,,,,,,,,,,,,,,,,
375,52108,dRVVT - Normalized Ratio,Blood,Hematology,0.0011888250445809391,376,,,,,,,,,,,,,,,,,,,,,,,,,,,,,,,,,,,,,,,,,,,,,,,,,,,,,,
376,52107,dRVVT - Confirmation,Blood,Hematology,0.0011888250445809391,377,,,,,,,,,,,,,,,,,,,,,,,,,,,,,,,,,,,,,,,,,,,,,,,,,,,,,,
377,51026,"Amylase, Body Fluid",Other Body Fluid,Chemistry,0.0011888250445809391,378,,,,,,,,,,,,,,,,,,,,,,,,,,,,,,,,,,,,,,,,,,,,,,,,,,,,,,
378,51694,Mumps IgG Ab Value,Blood,Chemistry,0.001122779208770887,379,,,,,,,,,,,,,,,,,,,,,,,,,,,,,,,,,,,,,,,,,,,,,,,,,,,,,,
379,50957,Lithium,Blood,Chemistry,0.001122779208770887,380,,,,,,,,,,,,,,,,,,,,,,,,,,,,,,,,,,,,,,,,,,,,,,,,,,,,,,
380,51385,Atypical Lymphocytes,Other Body Fluid,Hematology,0.0010567333729608348,381,,,,,,,,,,,,,,,,,,,,,,,,,,,,,,,,,,,,,,,,,,,,,,,,,,,,,,
381,51174,CD3 %,Blood,Hematology,0.0010567333729608348,382,,,,,,,,,,,,,,,,,,,,,,,,,,,,,,,,,,,,,,,,,,,,,,,,,,,,,,
382,51726,Rubeola IgG Ab Value,Blood,Chemistry,0.0010567333729608348,383,,,,,,,,,,,,,,,,,,,,,,,,,,,,,,,,,,,,,,,,,,,,,,,,,,,,,,
383,50982,Sex Hormone Binding Globulin,Blood,Chemistry,0.0010567333729608348,384,,,,,,,,,,,,,,,,,,,,,,,,,,,,,,,,,,,,,,,,,,,,,,,,,,,,,,
384,51651,Hepatitis C Viral Load,Blood,Chemistry,0.0010567333729608348,385,,,,,,,,,,,,,,,,,,,,,,,,,,,,,,,,,,,,,,,,,,,,,,,,,,,,,,
385,51175,CD3 Absolute Count,Blood,Hematology,0.0010567333729608348,386,,,,,,,,,,,,,,,,,,,,,,,,,,,,,,,,,,,,,,,,,,,,,,,,,,,,,,
386,50922,Ethanol,Blood,Chemistry,0.0010567333729608348,387,,,,,,,,,,,,,,,,,,,,,,,,,,,,,,,,,,,,,,,,,,,,,,,,,,,,,,
387,51769,RUBIgGV,Blood,Chemistry,0.0009906875371507827,388,,,,,,,,,,,,,,,,,,,,,,,,,,,,,,,,,,,,,,,,,,,,,,,,,,,,,,
388,51497,Renal Epithelial Cells,Urine,Hematology,0.0009906875371507827,389,,,,,,,,,,,,,,,,,,,,,,,,,,,,,,,,,,,,,,,,,,,,,,,,,,,,,,
389,50850,"Triglycerides, Ascites",Ascites,Chemistry,0.0009906875371507827,390,,,,,,,,,,,,,,,,,,,,,,,,,,,,,,,,,,,,,,,,,,,,,,,,,,,,,,
390,51654,HIV 1 Viral Load,Blood,Chemistry,0.0009246417013407304,391,,,,,,,,,,,,,,,,,,,,,,,,,,,,,,,,,,,,,,,,,,,,,,,,,,,,,,
391,50856,Acetaminophen,Blood,Chemistry,0.0009246417013407304,392,,,,,,,,,,,,,,,,,,,,,,,,,,,,,,,,,,,,,,,,,,,,,,,,,,,,,,
392,51110,Atypical Lymphocytes,Ascites,Hematology,0.0009246417013407304,393,,,,,,,,,,,,,,,,,,,,,,,,,,,,,,,,,,,,,,,,,,,,,,,,,,,,,,
393,51441,Bands,Pleural,Hematology,0.0009246417013407304,394,,,,,,,,,,,,,,,,,,,,,,,,,,,,,,,,,,,,,,,,,,,,,,,,,,,,,,
394,51404,CD3,Other Body Fluid,Hematology,0.0008585958655306782,395,,,,,,,,,,,,,,,,,,,,,,,,,,,,,,,,,,,,,,,,,,,,,,,,,,,,,,
395,50894,Calculated Free Testosterone,Blood,Chemistry,0.0008585958655306782,396,,,,,,,,,,,,,,,,,,,,,,,,,,,,,,,,,,,,,,,,,,,,,,,,,,,,,,
396,51203,Factor IX,Blood,Hematology,0.0008585958655306782,397,,,,,,,,,,,,,,,,,,,,,,,,,,,,,,,,,,,,,,,,,,,,,,,,,,,,,,
397,51066,24 hr Calcium,Urine,Chemistry,0.0008585958655306782,398,,,,,,,,,,,,,,,,,,,,,,,,,,,,,,,,,,,,,,,,,,,,,,,,,,,,,,
398,51084,"Glucose, Urine",Urine,Chemistry,0.0007925500297206261,399,,,,,,,,,,,,,,,,,,,,,,,,,,,,,,,,,,,,,,,,,,,,,,,,,,,,,,
399,51246,Macrocytes,Blood,Hematology,0.0007265041939105739,400,,,,,,,,,,,,,,,,,,,,,,,,,,,,,,,,,,,,,,,,,,,,,,,,,,,,,,
400,52274,Myelocytes,Cerebrospinal Fluid,Hematology,0.0007265041939105739,401,,,,,,,,,,,,,,,,,,,,,,,,,,,,,,,,,,,,,,,,,,,,,,,,,,,,,,
401,51652,High-Sensitivity CRP,Blood,Chemistry,0.0007265041939105739,402,,,,,,,,,,,,,,,,,,,,,,,,,,,,,,,,,,,,,,,,,,,,,,,,,,,,,,
402,51163,CD16/56%,Blood,Hematology,0.0006604583581005217,403,,,,,,,,,,,,,,,,,,,,,,,,,,,,,,,,,,,,,,,,,,,,,,,,,,,,,,
403,50869,Anti-DGP (IgA/IgG),Blood,Chemistry,0.0006604583581005217,404,,,,,,,,,,,,,,,,,,,,,,,,,,,,,,,,,,,,,,,,,,,,,,,,,,,,,,
404,51162,CD16/56 Absolute Count,Blood,Hematology,0.0006604583581005217,405,,,,,,,,,,,,,,,,,,,,,,,,,,,,,,,,,,,,,,,,,,,,,,,,,,,,,,
405,51667,H. pylori IgG Ab Value,Blood,Chemistry,0.0006604583581005217,406,,,,,,,,,,,,,,,,,,,,,,,,,,,,,,,,,,,,,,,,,,,,,,,,,,,,,,
406,51398,CD19,Other Body Fluid,Hematology,0.0006604583581005217,407,,,,,,,,,,,,,,,,,,,,,,,,,,,,,,,,,,,,,,,,,,,,,,,,,,,,,,
407,51111,Bands,Ascites,Hematology,0.0006604583581005217,408,,,,,,,,,,,,,,,,,,,,,,,,,,,,,,,,,,,,,,,,,,,,,,,,,,,,,,
408,51028,"Bilirubin, Total, Body Fluid",Other Body Fluid,Chemistry,0.0005944125222904696,409,,,,,,,,,,,,,,,,,,,,,,,,,,,,,,,,,,,,,,,,,,,,,,,,,,,,,,
409,51302,Young Cells,Blood,Hematology,0.0005944125222904696,410,,,,,,,,,,,,,,,,,,,,,,,,,,,,,,,,,,,,,,,,,,,,,,,,,,,,,,
410,51032,"Creatinine, Body Fluid",Other Body Fluid,Chemistry,0.0005944125222904696,411,,,,,,,,,,,,,,,,,,,,,,,,,,,,,,,,,,,,,,,,,,,,,,,,,,,,,,
411,51185,CD5 %,Blood,Hematology,0.0005944125222904696,412,,,,,,,,,,,,,,,,,,,,,,,,,,,,,,,,,,,,,,,,,,,,,,,,,,,,,,
412,51186,CD5 Absolute Count,Blood,Hematology,0.0005944125222904696,413,,,,,,,,,,,,,,,,,,,,,,,,,,,,,,,,,,,,,,,,,,,,,,,,,,,,,,
413,51233,Hypochromia,Blood,Hematology,0.0005944125222904696,414,,,,,,,,,,,,,,,,,,,,,,,,,,,,,,,,,,,,,,,,,,,,,,,,,,,,,,
414,52171,RBC Morphology,Blood,Hematology,0.0005283666864804174,415,,,,,,,,,,,,,,,,,,,,,,,,,,,,,,,,,,,,,,,,,,,,,,,,,,,,,,
415,50992,Thyroid Peroxidase Antibodies,Blood,Chemistry,0.0005283666864804174,416,,,,,,,,,,,,,,,,,,,,,,,,,,,,,,,,,,,,,,,,,,,,,,,,,,,,,,
416,51252,Microcytes,Blood,Hematology,0.0005283666864804174,417,,,,,,,,,,,,,,,,,,,,,,,,,,,,,,,,,,,,,,,,,,,,,,,,,,,,,,
417,51044,Triglycer,Other Body Fluid,Chemistry,0.0005283666864804174,418,,,,,,,,,,,,,,,,,,,,,,,,,,,,,,,,,,,,,,,,,,,,,,,,,,,,,,
418,51452,NRBC,Pleural,Hematology,0.0005283666864804174,419,,,,,,,,,,,,,,,,,,,,,,,,,,,,,,,,,,,,,,,,,,,,,,,,,,,,,,
419,52301,Lining Cell,Joint Fluid,Hematology,0.0005283666864804174,420,,,,,,,,,,,,,,,,,,,,,,,,,,,,,,,,,,,,,,,,,,,,,,,,,,,,,,
420,51209,Factor XI,Blood,Hematology,0.0005283666864804174,421,,,,,,,,,,,,,,,,,,,,,,,,,,,,,,,,,,,,,,,,,,,,,,,,,,,,,,
421,51386,Bands,Other Body Fluid,Hematology,0.0005283666864804174,422,,,,,,,,,,,,,,,,,,,,,,,,,,,,,,,,,,,,,,,,,,,,,,,,,,,,,,
422,51381,Other,Joint Fluid,Hematology,0.0005283666864804174,423,,,,,,,,,,,,,,,,,,,,,,,,,,,,,,,,,,,,,,,,,,,,,,,,,,,,,,
423,52012,UTX9,Urine,Chemistry,0.0005283666864804174,424,,,,,,,,,,,,,,,,,,,,,,,,,,,,,,,,,,,,,,,,,,,,,,,,,,,,,,
424,51733,STX2,Blood,Chemistry,0.0004623208506703652,425,,,,,,,,,,,,,,,,,,,,,,,,,,,,,,,,,,,,,,,,,,,,,,,,,,,,,,
425,51049,"Bilirubin, Total, Pleural",Pleural,Chemistry,0.0004623208506703652,426,,,,,,,,,,,,,,,,,,,,,,,,,,,,,,,,,,,,,,,,,,,,,,,,,,,,,,
426,51063,"Osmolality, Stool",Stool,Chemistry,0.0004623208506703652,427,,,,,,,,,,,,,,,,,,,,,,,,,,,,,,,,,,,,,,,,,,,,,,,,,,,,,,
427,50916,DHEA-Sulfate,Blood,Chemistry,0.0004623208506703652,428,,,,,,,,,,,,,,,,,,,,,,,,,,,,,,,,,,,,,,,,,,,,,,,,,,,,,,
428,51367,Basophils,Joint Fluid,Hematology,0.0004623208506703652,429,,,,,,,,,,,,,,,,,,,,,,,,,,,,,,,,,,,,,,,,,,,,,,,,,,,,,,
429,51368,Eosinophils,Joint Fluid,Hematology,0.0004623208506703652,430,,,,,,,,,,,,,,,,,,,,,,,,,,,,,,,,,,,,,,,,,,,,,,,,,,,,,,
430,51366,Bands,Joint Fluid,Hematology,0.0004623208506703652,431,,,,,,,,,,,,,,,,,,,,,,,,,,,,,,,,,,,,,,,,,,,,,,,,,,,,,,
431,51515,Waxy Casts,Urine,Hematology,0.0004623208506703652,432,,,,,,,,,,,,,,,,,,,,,,,,,,,,,,,,,,,,,,,,,,,,,,,,,,,,,,
432,50991,Thyroglobulin,Blood,Chemistry,0.0004623208506703652,433,,,,,,,,,,,,,,,,,,,,,,,,,,,,,,,,,,,,,,,,,,,,,,,,,,,,,,
433,51433,NRBC,Other Body Fluid,Hematology,0.00039627501486031304,434,,,,,,,,,,,,,,,,,,,,,,,,,,,,,,,,,,,,,,,,,,,,,,,,,,,,,,
434,52283,Promyelocytes,Cerebrospinal Fluid,Hematology,0.00039627501486031304,435,,,,,,,,,,,,,,,,,,,,,,,,,,,,,,,,,,,,,,,,,,,,,,,,,,,,,,
435,51139,Anticardiolipin Antibody IgM,Blood,Hematology,0.00039627501486031304,436,,,,,,,,,,,,,,,,,,,,,,,,,,,,,,,,,,,,,,,,,,,,,,,,,,,,,,
436,53175,RdRP Ct,Other Body Fluid,Chemistry,0.00039627501486031304,437,,,,,,,,,,,,,,,,,,,,,,,,,,,,,,,,,,,,,,,,,,,,,,,,,,,,,,
437,50945,Homocysteine,Blood,Chemistry,0.00039627501486031304,438,,,,,,,,,,,,,,,,,,,,,,,,,,,,,,,,,,,,,,,,,,,,,,,,,,,,,,
438,50966,Phenobarbital,Blood,Chemistry,0.00039627501486031304,439,,,,,,,,,,,,,,,,,,,,,,,,,,,,,,,,,,,,,,,,,,,,,,,,,,,,,,
439,51732,STX1,Blood,Chemistry,0.00039627501486031304,440,,,,,,,,,,,,,,,,,,,,,,,,,,,,,,,,,,,,,,,,,,,,,,,,,,,,,,
440,51463,Bacteria,Urine,Hematology,0.00039627501486031304,441,,,,,,,,,,,,,,,,,,,,,,,,,,,,,,,,,,,,,,,,,,,,,,,,,,,,,,
441,53176,RdRP Endpt,Other Body Fluid,Chemistry,0.00039627501486031304,442,,,,,,,,,,,,,,,,,,,,,,,,,,,,,,,,,,,,,,,,,,,,,,,,,,,,,,
442,51138,Anticardiolipin Antibody IgG,Blood,Hematology,0.00039627501486031304,443,,,,,,,,,,,,,,,,,,,,,,,,,,,,,,,,,,,,,,,,,,,,,,,,,,,,,,
443,51903,PAN1,Other Body Fluid,Chemistry,0.00033022917905026086,444,,,,,,,,,,,,,,,,,,,,,,,,,,,,,,,,,,,,,,,,,,,,,,,,,,,,,,
444,52268,Mesothelial cells,Cerebrospinal Fluid,Hematology,0.00033022917905026086,445,,,,,,,,,,,,,,,,,,,,,,,,,,,,,,,,,,,,,,,,,,,,,,,,,,,,,,
445,51122,Nucleated RBC,Ascites,Hematology,0.00033022917905026086,446,,,,,,,,,,,,,,,,,,,,,,,,,,,,,,,,,,,,,,,,,,,,,,,,,,,,,,
446,51449,Metamyelocytes,Pleural,Hematology,0.00033022917905026086,447,,,,,,,,,,,,,,,,,,,,,,,,,,,,,,,,,,,,,,,,,,,,,,,,,,,,,,
447,51369,"Hematocrit, Joint Fluid",Joint Fluid,Hematology,0.00033022917905026086,448,,,,,,,,,,,,,,,,,,,,,,,,,,,,,,,,,,,,,,,,,,,,,,,,,,,,,,
448,50865,Amikacin,Blood,Chemistry,0.00033022917905026086,449,,,,,,,,,,,,,,,,,,,,,,,,,,,,,,,,,,,,,,,,,,,,,,,,,,,,,,
449,51210,Factor XII,Blood,Hematology,0.00033022917905026086,450,,,,,,,,,,,,,,,,,,,,,,,,,,,,,,,,,,,,,,,,,,,,,,,,,,,,,,
450,51064,"Potassium, Stool",Stool,Chemistry,0.00033022917905026086,451,,,,,,,,,,,,,,,,,,,,,,,,,,,,,,,,,,,,,,,,,,,,,,,,,,,,,,
451,51065,"Sodium, Stool",Stool,Chemistry,0.00033022917905026086,452,,,,,,,,,,,,,,,,,,,,,,,,,,,,,,,,,,,,,,,,,,,,,,,,,,,,,,
452,51767,EE5,Blood,Chemistry,0.00033022917905026086,453,,,,,,,,,,,,,,,,,,,,,,,,,,,,,,,,,,,,,,,,,,,,,,,,,,,,,,
453,51765,EE3,Blood,Chemistry,0.00033022917905026086,454,,,,,,,,,,,,,,,,,,,,,,,,,,,,,,,,,,,,,,,,,,,,,,,,,,,,,,
454,51494,RBC Casts,Urine,Hematology,0.00033022917905026086,455,,,,,,,,,,,,,,,,,,,,,,,,,,,,,,,,,,,,,,,,,,,,,,,,,,,,,,
455,51115,"Hematocrit, Ascites",Ascites,Hematology,0.0002641833432402087,456,,,,,,,,,,,,,,,,,,,,,,,,,,,,,,,,,,,,,,,,,,,,,,,,,,,,,,
456,51772,PAN3,Blood,Chemistry,0.0002641833432402087,457,,,,,,,,,,,,,,,,,,,,,,,,,,,,,,,,,,,,,,,,,,,,,,,,,,,,,,
457,51072,"Amylase, Urine",Urine,Chemistry,0.0002641833432402087,458,,,,,,,,,,,,,,,,,,,,,,,,,,,,,,,,,,,,,,,,,,,,,,,,,,,,,,
458,51437,Promyelocytes,Other Body Fluid,Hematology,0.0002641833432402087,459,,,,,,,,,,,,,,,,,,,,,,,,,,,,,,,,,,,,,,,,,,,,,,,,,,,,,,
459,52307,Plasma,Joint Fluid,Hematology,0.0002641833432402087,460,,,,,,,,,,,,,,,,,,,,,,,,,,,,,,,,,,,,,,,,,,,,,,,,,,,,,,
460,52178,SCT - Normalized Ratio,Blood,Hematology,0.0002641833432402087,461,,,,,,,,,,,,,,,,,,,,,,,,,,,,,,,,,,,,,,,,,,,,,,,,,,,,,,
461,50921,Estradiol,Blood,Chemistry,0.0002641833432402087,462,,,,,,,,,,,,,,,,,,,,,,,,,,,,,,,,,,,,,,,,,,,,,,,,,,,,,,
462,52177,SCT - Confirmation,Blood,Hematology,0.0002641833432402087,463,,,,,,,,,,,,,,,,,,,,,,,,,,,,,,,,,,,,,,,,,,,,,,,,,,,,,,
463,51073,"Amylase/Creatinine Ratio, Urine",Urine,Chemistry,0.0002641833432402087,464,,,,,,,,,,,,,,,,,,,,,,,,,,,,,,,,,,,,,,,,,,,,,,,,,,,,,,
464,51119,Metamyelocytes,Ascites,Hematology,0.00019813750743015652,465,,,,,,,,,,,,,,,,,,,,,,,,,,,,,,,,,,,,,,,,,,,,,,,,,,,,,,
465,52019,PAN2,Urine,Chemistry,0.00019813750743015652,466,,,,,,,,,,,,,,,,,,,,,,,,,,,,,,,,,,,,,,,,,,,,,,,,,,,,,,
466,51268,Polychromasia,Blood,Hematology,0.00019813750743015652,467,,,,,,,,,,,,,,,,,,,,,,,,,,,,,,,,,,,,,,,,,,,,,,,,,,,,,,
467,51062,"Chloride, Stool",Stool,Chemistry,0.00019813750743015652,468,,,,,,,,,,,,,,,,,,,,,,,,,,,,,,,,,,,,,,,,,,,,,,,,,,,,,,
468,51272,"Protein S, Antigen",Blood,Hematology,0.00019813750743015652,469,,,,,,,,,,,,,,,,,,,,,,,,,,,,,,,,,,,,,,,,,,,,,,,,,,,,,,
469,51443,Blasts,Pleural,Hematology,0.00019813750743015652,470,,,,,,,,,,,,,,,,,,,,,,,,,,,,,,,,,,,,,,,,,,,,,,,,,,,,,,
470,51507,"Urine Casts, Other",Urine,Hematology,0.00019813750743015652,471,,,,,,,,,,,,,,,,,,,,,,,,,,,,,,,,,,,,,,,,,,,,,,,,,,,,,,
471,50840,"Cholesterol, Ascites",Ascites,Chemistry,0.00019813750743015652,472,,,,,,,,,,,,,,,,,,,,,,,,,,,,,,,,,,,,,,,,,,,,,,,,,,,,,,
472,51618,Epstein-Barr Virus Interpretation,Blood,Chemistry,0.00019813750743015652,473,,,,,,,,,,,,,,,,,,,,,,,,,,,,,,,,,,,,,,,,,,,,,,,,,,,,,,
473,51296,Teardrop Cells,Blood,Hematology,0.00019813750743015652,474,,,,,,,,,,,,,,,,,,,,,,,,,,,,,,,,,,,,,,,,,,,,,,,,,,,,,,
474,51260,Ovalocytes,Blood,Hematology,0.00019813750743015652,475,,,,,,,,,,,,,,,,,,,,,,,,,,,,,,,,,,,,,,,,,,,,,,,,,,,,,,
475,51273,"Protein S, Functional",Blood,Hematology,0.00019813750743015652,476,,,,,,,,,,,,,,,,,,,,,,,,,,,,,,,,,,,,,,,,,,,,,,,,,,,,,,
476,51271,"Protein C, Functional",Blood,Hematology,0.00019813750743015652,477,,,,,,,,,,,,,,,,,,,,,,,,,,,,,,,,,,,,,,,,,,,,,,,,,,,,,,
477,51664,HPE8,Blood,Chemistry,0.00019813750743015652,478,,,,,,,,,,,,,,,,,,,,,,,,,,,,,,,,,,,,,,,,,,,,,,,,,,,,,,
478,51677,K (GREEN),Blood,Chemistry,0.00019813750743015652,479,,,,,,,,,,,,,,,,,,,,,,,,,,,,,,,,,,,,,,,,,,,,,,,,,,,,,,
479,51267,Poikilocytosis,Blood,Hematology,0.00019813750743015652,480,,,,,,,,,,,,,,,,,,,,,,,,,,,,,,,,,,,,,,,,,,,,,,,,,,,,,,
480,51266,Platelet Smear,Blood,Hematology,0.00019813750743015652,481,,,,,,,,,,,,,,,,,,,,,,,,,,,,,,,,,,,,,,,,,,,,,,,,,,,,,,
481,53163,HIV Viral Load Ct,Blood,Chemistry,0.00013209167162010435,482,,,,,,,,,,,,,,,,,,,,,,,,,,,,,,,,,,,,,,,,,,,,,,,,,,,,,,
482,50844,"Lipase, Ascites",Ascites,Chemistry,0.00013209167162010435,483,,,,,,,,,,,,,,,,,,,,,,,,,,,,,,,,,,,,,,,,,,,,,,,,,,,,,,
483,52294,Blasts,Joint Fluid,Hematology,0.00013209167162010435,484,,,,,,,,,,,,,,,,,,,,,,,,,,,,,,,,,,,,,,,,,,,,,,,,,,,,,,
484,52339,Blasts,Other Body Fluid,Hematology,0.00013209167162010435,485,,,,,,,,,,,,,,,,,,,,,,,,,,,,,,,,,,,,,,,,,,,,,,,,,,,,,,
485,51126,Promyelocytes,Ascites,Hematology,0.00013209167162010435,486,,,,,,,,,,,,,,,,,,,,,,,,,,,,,,,,,,,,,,,,,,,,,,,,,,,,,,
486,52129,Hemoglobin Other,Blood,Hematology,0.00013209167162010435,487,,,,,,,,,,,,,,,,,,,,,,,,,,,,,,,,,,,,,,,,,,,,,,,,,,,,,,
487,51042,"Sodium, Body Fluid",Other Body Fluid,Chemistry,0.00013209167162010435,488,,,,,,,,,,,,,,,,,,,,,,,,,,,,,,,,,,,,,,,,,,,,,,,,,,,,,,
488,51409,CD4/CD8 Ratio,Other Body Fluid,Hematology,0.00013209167162010435,489,,,,,,,,,,,,,,,,,,,,,,,,,,,,,,,,,,,,,,,,,,,,,,,,,,,,,,
489,51030,"Chloride, Body Fluid",Other Body Fluid,Chemistry,0.00013209167162010435,490,,,,,,,,,,,,,,,,,,,,,,,,,,,,,,,,,,,,,,,,,,,,,,,,,,,,,,
490,51380,NRBC,Joint Fluid,Hematology,0.00013209167162010435,491,,,,,,,,,,,,,,,,,,,,,,,,,,,,,,,,,,,,,,,,,,,,,,,,,,,,,,
491,51365,Atypical Lymphocytes,Joint Fluid,Hematology,0.00013209167162010435,492,,,,,,,,,,,,,,,,,,,,,,,,,,,,,,,,,,,,,,,,,,,,,,,,,,,,,,
492,51456,Promyelocytes,Pleural,Hematology,0.00013209167162010435,493,,,,,,,,,,,,,,,,,,,,,,,,,,,,,,,,,,,,,,,,,,,,,,,,,,,,,,
493,51041,"Potassium, Body Fluid",Other Body Fluid,Chemistry,0.00013209167162010435,494,,,,,,,,,,,,,,,,,,,,,,,,,,,,,,,,,,,,,,,,,,,,,,,,,,,,,,
494,51489,NonSquamous Epithelial Cell,Urine,Hematology,0.00013209167162010435,495,,,,,,,,,,,,,,,,,,,,,,,,,,,,,,,,,,,,,,,,,,,,,,,,,,,,,,
495,50969,"Phenytoin, Percent Free",Blood,Chemistry,0.00013209167162010435,496,,,,,,,,,,,,,,,,,,,,,,,,,,,,,,,,,,,,,,,,,,,,,,,,,,,,,,
496,51287,Schistocytes,Blood,Hematology,0.00013209167162010435,497,,,,,,,,,,,,,,,,,,,,,,,,,,,,,,,,,,,,,,,,,,,,,,,,,,,,,,
497,50968,"Phenytoin, Free",Blood,Chemistry,0.00013209167162010435,498,,,,,,,,,,,,,,,,,,,,,,,,,,,,,,,,,,,,,,,,,,,,,,,,,,,,,,
498,51292,Spherocytes,Blood,Hematology,0.00013209167162010435,499,,,,,,,,,,,,,,,,,,,,,,,,,,,,,,,,,,,,,,,,,,,,,,,,,,,,,,
499,51270,"Protein C, Antigen",Blood,Hematology,0.00013209167162010435,500,,,,,,,,,,,,,,,,,,,,,,,,,,,,,,,,,,,,,,,,,,,,,,,,,,,,,,
500,51904,PAN2,Other Body Fluid,Chemistry,0.00013209167162010435,501,,,,,,,,,,,,,,,,,,,,,,,,,,,,,,,,,,,,,,,,,,,,,,,,,,,,,,
501,50899,Carbamazepine,Blood,Chemistry,0.00013209167162010435,502,,,,,,,,,,,,,,,,,,,,,,,,,,,,,,,,,,,,,,,,,,,,,,,,,,,,,,
502,51137,Anisocytosis,Blood,Hematology,0.00013209167162010435,503,,,,,,,,,,,,,,,,,,,,,,,,,,,,,,,,,,,,,,,,,,,,,,,,,,,,,,
503,51197,Elliptocytes,Blood,Hematology,0.00013209167162010435,504,,,,,,,,,,,,,,,,,,,,,,,,,,,,,,,,,,,,,,,,,,,,,,,,,,,,,,
504,51045,"Urea Nitrogen, Body Fluid",Other Body Fluid,Chemistry,6.604583581005217e-05,505,,,,,,,,,,,,,,,,,,,,,,,,,,,,,,,,,,,,,,,,,,,,,,,,,,,,,,
505,51378,Metamyelocytes,Joint Fluid,Hematology,6.604583581005217e-05,506,,,,,,,,,,,,,,,,,,,,,,,,,,,,,,,,,,,,,,,,,,,,,,,,,,,,,,
506,52642,Troponin I,Blood,Chemistry,6.604583581005217e-05,507,,,,,,,,,,,,,,,,,,,,,,,,,,,,,,,,,,,,,,,,,,,,,,,,,,,,,,
507,52647,Urea Nitrogen,Blood,Chemistry,6.604583581005217e-05,508,,,,,,,,,,,,,,,,,,,,,,,,,,,,,,,,,,,,,,,,,,,,,,,,,,,,,,
508,52730,pH,Urine,Chemistry,6.604583581005217e-05,509,,,,,,,,,,,,,,,,,,,,,,,,,,,,,,,,,,,,,,,,,,,,,,,,,,,,,,
509,51037,"Magnesium, Body Fluid",Other Body Fluid,Chemistry,6.604583581005217e-05,510,,,,,,,,,,,,,,,,,,,,,,,,,,,,,,,,,,,,,,,,,,,,,,,,,,,,,,
510,51039,"Osmolality, Body Fluid",Other Body Fluid,Chemistry,6.604583581005217e-05,511,,,,,,,,,,,,,,,,,,,,,,,,,,,,,,,,,,,,,,,,,,,,,,,,,,,,,,
511,51418,CD8,Other Body Fluid,Hematology,6.604583581005217e-05,512,,,,,,,,,,,,,,,,,,,,,,,,,,,,,,,,,,,,,,,,,,,,,,,,,,,,,,
512,51408,CD4,Other Body Fluid,Hematology,6.604583581005217e-05,513,,,,,,,,,,,,,,,,,,,,,,,,,,,,,,,,,,,,,,,,,,,,,,,,,,,,,,
513,51121,Myelocytes,Ascites,Hematology,6.604583581005217e-05,514,,,,,,,,,,,,,,,,,,,,,,,,,,,,,,,,,,,,,,,,,,,,,,,,,,,,,,
514,51145,Basophilic Stippling,Blood,Hematology,6.604583581005217e-05,515,,,,,,,,,,,,,,,,,,,,,,,,,,,,,,,,,,,,,,,,,,,,,,,,,,,,,,
515,51377,Mesothelial Cells,Joint Fluid,Hematology,6.604583581005217e-05,516,,,,,,,,,,,,,,,,,,,,,,,,,,,,,,,,,,,,,,,,,,,,,,,,,,,,,,
516,53154,Lactate,Blood,Chemistry,6.604583581005217e-05,517,,,,,,,,,,,,,,,,,,,,,,,,,,,,,,,,,,,,,,,,,,,,,,,,,,,,,,
517,51040,"Phosphate, Body Fluid",Other Body Fluid,Chemistry,6.604583581005217e-05,518,,,,,,,,,,,,,,,,,,,,,,,,,,,,,,,,,,,,,,,,,,,,,,,,,,,,,,
518,51199,Eosinophil Count,Blood,Hematology,6.604583581005217e-05,519,,,,,,,,,,,,,,,,,,,,,,,,,,,,,,,,,,,,,,,,,,,,,,,,,,,,,,
519,51212,Fetal Hemoglobin,Blood,Hematology,6.604583581005217e-05,520,,,,,,,,,,,,,,,,,,,,,,,,,,,,,,,,,,,,,,,,,,,,,,,,,,,,,,
520,51294,Target Cells,Blood,Hematology,6.604583581005217e-05,521,,,,,,,,,,,,,,,,,,,,,,,,,,,,,,,,,,,,,,,,,,,,,,,,,,,,,,
521,52610,Potassium,Blood,Chemistry,6.604583581005217e-05,522,,,,,,,,,,,,,,,,,,,,,,,,,,,,,,,,,,,,,,,,,,,,,,,,,,,,,,
522,51291,Sickle Cells,Blood,Hematology,6.604583581005217e-05,523,,,,,,,,,,,,,,,,,,,,,,,,,,,,,,,,,,,,,,,,,,,,,,,,,,,,,,
523,51231,Howell-Jolly Bodies,Blood,Hematology,6.604583581005217e-05,524,,,,,,,,,,,,,,,,,,,,,,,,,,,,,,,,,,,,,,,,,,,,,,,,,,,,,,
524,51061,"Bicarbonate, Stool",Stool,Chemistry,6.604583581005217e-05,525,,,,,,,,,,,,,,,,,,,,,,,,,,,,,,,,,,,,,,,,,,,,,,,,,,,,,,
525,52623,Sodium,Blood,Chemistry,6.604583581005217e-05,526,,,,,,,,,,,,,,,,,,,,,,,,,,,,,,,,,,,,,,,,,,,,,,,,,,,,,,
526,52535,Chloride,Blood,Chemistry,6.604583581005217e-05,527,,,,,,,,,,,,,,,,,,,,,,,,,,,,,,,,,,,,,,,,,,,,,,,,,,,,,,
527,52569,Glucose,Blood,Chemistry,6.604583581005217e-05,528,,,,,,,,,,,,,,,,,,,,,,,,,,,,,,,,,,,,,,,,,,,,,,,,,,,,,,
528,51624,Free Calcium,Blood,Chemistry,6.604583581005217e-05,529,,,,,,,,,,,,,,,,,,,,,,,,,,,,,,,,,,,,,,,,,,,,,,,,,,,,,,
529,52002,Urobilinogen,Urine,Chemistry,6.604583581005217e-05,530,,,,,,,,,,,,,,,,,,,,,,,,,,,,,,,,,,,,,,,,,,,,,,,,,,,,,,
530,51994,Specific Gravity,Urine,Chemistry,6.604583581005217e-05,531,,,,,,,,,,,,,,,,,,,,,,,,,,,,,,,,,,,,,,,,,,,,,,,,,,,,,,
531,52220,wbcp,Blood,Hematology,6.604583581005217e-05,532,,,,,,,,,,,,,,,,,,,,,,,,,,,,,,,,,,,,,,,,,,,,,,,,,,,,,,
532,51992,Protein,Urine,Chemistry,6.604583581005217e-05,533,,,,,,,,,,,,,,,,,,,,,,,,,,,,,,,,,,,,,,,,,,,,,,,,,,,,,,
533,51984,Ketone,Urine,Chemistry,6.604583581005217e-05,534,,,,,,,,,,,,,,,,,,,,,,,,,,,,,,,,,,,,,,,,,,,,,,,,,,,,,,
534,51981,Glucose,Urine,Chemistry,6.604583581005217e-05,535,,,,,,,,,,,,,,,,,,,,,,,,,,,,,,,,,,,,,,,,,,,,,,,,,,,,,,
535,51755,White Blood Cells,Blood,Chemistry,6.604583581005217e-05,536,,,,,,,,,,,,,,,,,,,,,,,,,,,,,,,,,,,,,,,,,,,,,,,,,,,,,,
536,52257,"Hematocrit, CSF",Cerebrospinal Fluid,Hematology,6.604583581005217e-05,537,,,,,,,,,,,,,,,,,,,,,,,,,,,,,,,,,,,,,,,,,,,,,,,,,,,,,,
537,52262,Immunophenotyping,Cerebrospinal Fluid,Hematology,6.604583581005217e-05,538,,,,,,,,,,,,,,,,,,,,,,,,,,,,,,,,,,,,,,,,,,,,,,,,,,,,,,
538,51739,Total CO2,Blood,Chemistry,6.604583581005217e-05,539,,,,,,,,,,,,,,,,,,,,,,,,,,,,,,,,,,,,,,,,,,,,,,,,,,,,,,
539,51665,HPE9,Blood,Chemistry,6.604583581005217e-05,540,,,,,,,,,,,,,,,,,,,,,,,,,,,,,,,,,,,,,,,,,,,,,,,,,,,,,,
540,50877,Anti-Thyroglobulin Antibodies,Blood,Chemistry,6.604583581005217e-05,541,,,,,,,,,,,,,,,,,,,,,,,,,,,,,,,,,,,,,,,,,,,,,,,,,,,,,,
541,51645,"Hemoglobin, Calculated",Blood,Chemistry,6.604583581005217e-05,542,,,,,,,,,,,,,,,,,,,,,,,,,,,,,,,,,,,,,,,,,,,,,,,,,,,,,,
542,51638,Hematocrit,Blood,Chemistry,6.604583581005217e-05,543,,,,,,,,,,,,,,,,,,,,,,,,,,,,,,,,,,,,,,,,,,,,,,,,,,,,,,
543,50981,Salicylate,Blood,Chemistry,6.604583581005217e-05,544,,,,,,,,,,,,,,,,,,,,,,,,,,,,,,,,,,,,,,,,,,,,,,,,,,,,,,
544,52551,D-Dimer,Blood,Chemistry,6.604583581005217e-05,545,,,,,,,,,,,,,,,,,,,,,,,,,,,,,,,,,,,,,,,,,,,,,,,,,,,,,,
545,51023,"LD, Joint Fluid",Joint Fluid,Chemistry,6.604583581005217e-05,546,,,,,,,,,,,,,,,,,,,,,,,,,,,,,,,,,,,,,,,,,,,,,,,,,,,,,,
546,51475,Epithelial Casts,Urine,Hematology,6.604583581005217e-05,547,,,,,,,,,,,,,,,,,,,,,,,,,,,,,,,,,,,,,,,,,,,,,,,,,,,,,,
547,50851,"Urea Nitrogen, Ascites",Ascites,Chemistry,6.604583581005217e-05,548,,,,,,,,,,,,,,,,,,,,,,,,,,,,,,,,,,,,,,,,,,,,,,,,,,,,,,
548,51027,"Bicarbonate, Other Fluid",Other Body Fluid,Chemistry,6.604583581005217e-05,549,,,,,,,,,,,,,,,,,,,,,,,,,,,,,,,,,,,,,,,,,,,,,,,,,,,,,,
549,51451,Myelocytes,Pleural,Hematology,6.604583581005217e-05,550,,,,,,,,,,,,,,,,,,,,,,,,,,,,,,,,,,,,,,,,,,,,,,,,,,,,,,
550,52305,Myelocytes,Joint Fluid,Hematology,6.604583581005217e-05,551,,,,,,,,,,,,,,,,,,,,,,,,,,,,,,,,,,,,,,,,,,,,,,,,,,,,,,
551,51029,"Calcium, Body Fluid",Other Body Fluid,Chemistry,6.604583581005217e-05,552,,,,,,,,,,,,,,,,,,,,,,,,,,,,,,,,,,,,,,,,,,,,,,,,,,,,,,
552,51031,"Cholesterol, Body Fluid",Other Body Fluid,Chemistry,6.604583581005217e-05,553,,,,,,,,,,,,,,,,,,,,,,,,,,,,,,,,,,,,,,,,,,,,,,,,,,,,,,
553,51432,Myelocytes,Other Body Fluid,Hematology,6.604583581005217e-05,554,,,,,,,,,,,,,,,,,,,,,,,,,,,,,,,,,,,,,,,,,,,,,,,,,,,,,,
554,51036,"Lipase, Body Fluid",Other Body Fluid,Chemistry,6.604583581005217e-05,555,,,,,,,,,,,,,,,,,,,,,,,,,,,,,,,,,,,,,,,,,,,,,,,,,,,,,,
555,51430,Metamyelocytes,Other Body Fluid,Hematology,6.604583581005217e-05,556,,,,,,,,,,,,,,,,,,,,,,,,,,,,,,,,,,,,,,,,,,,,,,,,,,,,,,
556,52500,Anion Gap,Blood,Chemistry,6.604583581005217e-05,557,,,,,,,,,,,,,,,,,,,,,,,,,,,,,,,,,,,,,,,,,,,,,,,,,,,,,,
557,52111,Echinocytes,Blood,Hematology,6.604583581005217e-05,558,,,,,,,,,,,,,,,,,,,,,,,,,,,,,,,,,,,,,,,,,,,,,,,,,,,,,,
558,52546,Creatinine,Blood,Chemistry,6.604583581005217e-05,559,,,,,,,,,,,,,,,,,,,,,,,,,,,,,,,,,,,,,,,,,,,,,,,,,,,,,,
559,50989,"Testosterone, Free",Blood,Chemistry,6.604583581005217e-05,560,,,,,,,,,,,,,,,,,,,,,,,,,,,,,,,,,,,,,,,,,,,,,,,,,,,,,,
